c0_keep_ratio,c0_kept,c0_mean_prob,c0_points,c1_keep_ratio,c1_kept,c1_mean_prob,c1_points,c2_keep_ratio,c2_kept,c2_mean_prob,c2_points,c3_keep_ratio,c3_kept,c3_mean_prob,c3_points,class_source,out_stem,poly_c0,poly_c1,poly_c2,poly_c3,seg_objects,split,src_stem,status
0.03334722801167153,80,0.03293711319565773,2399,0.3063005261131785,2387,0.29898619651794434,7793,0.473888541014402,3784,0.4785792827606201,7985,0.3395687191478306,2614,0.3371272087097168,7698,detect_bbox_fallback_after:none,aug_000000,1,1,1,1,4,train,aug_000000,ok
0.0460772104607721,111,0.04384222254157066,2409,0.5067718606180145,3854,0.5105331540107727,7605,0.557523235367998,4439,0.5559254288673401,7962,0.36499410454605,2786,0.36150631308555603,7633,detect_bbox_fallback_after:none,aug_000002,1,1,1,1,4,train,aug_000002,ok
0.04404040404040404,109,0.04797811433672905,2475,0.4778977126702647,3719,0.4751764237880707,7782,0.5245172764227642,4129,0.5184475183486938,7872,0.44008742607354073,3423,0.44162634015083313,7778,detect_bbox_fallback_after:none,aug_000003,1,1,1,1,4,train,aug_000003,ok
0.03945745992601726,96,0.04735584929585457,2433,0.43333333333333335,3328,0.43626314401626587,7680,0.5490686335791974,4392,0.5555240511894226,7999,0.5461538461538461,4189,0.5459819436073303,7670,detect_bbox_fallback_after:none,aug_000004,1,1,1,1,4,train,aug_000004,ok
0.06170458927882761,160,0.06069907546043396,2593,0.5095212906638455,3853,0.5006865859031677,7562,0.35171272125302433,2762,0.3551987111568451,7853,0.44301639344262295,3378,0.45567968487739563,7625,detect_bbox_fallback_after:none,aug_000005,1,1,1,1,4,train,aug_000005,ok
0.03717948717948718,87,0.038958530873060226,2340,0.3303823453938927,2575,0.32785704731941223,7794,0.44729916029577643,3569,0.44576001167297363,7979,0.31882551643497464,2454,0.321993887424469,7697,detect_bbox_fallback_after:none,aug_000009,1,1,1,1,4,train,aug_000009,ok
0.03456892961266139,83,0.03844323381781578,2401,0.4460093896713615,3420,0.4434860646724701,7668,0.3214879202352039,2515,0.3263200521469116,7823,0.4013728791607305,3099,0.3980390727519989,7721,detect_bbox_fallback_after:none,aug_000010,1,1,1,1,4,train,aug_000010,ok
0.060459492140266025,150,0.06288034468889236,2481,0.47022801302931594,3609,0.4663662910461426,7675,0.43418889872297384,3434,0.43382248282432556,7909,0.48341293403898283,3745,0.48248091340065,7747,detect_bbox_fallback_after:none,aug_000011,1,1,1,1,4,train,aug_000011,ok
0.06487341772151899,164,0.06409657746553421,2528,0.3494914806498481,2646,0.3466757535934448,7571,0.41358863495985176,3348,0.4175581634044647,8095,0.437125748502994,3431,0.4433465898036957,7849,detect_bbox_fallback_after:none,aug_000012,1,1,1,1,4,train,aug_000012,ok
0.08455882352941177,207,0.08558660745620728,2448,0.3844263355322727,2972,0.3834529519081116,7731,0.37151507505992176,2945,0.37104368209838867,7927,0.34067928441794143,2628,0.3404092490673065,7714,detect_bbox_fallback_after:none,aug_000013,1,1,1,1,4,train,aug_000013,ok
0.08630470016207456,213,0.08554524928331375,2468,0.41373103625610697,3218,0.4152663052082062,7778,0.44473422752111275,3581,0.4486181139945984,8052,0.34332101372756074,2601,0.3411909341812134,7576,detect_bbox_fallback_after:none,aug_000014,1,1,1,1,4,train,aug_000014,ok
0.04292929292929293,102,0.044067300856113434,2376,0.3945736434108527,3054,0.3924531638622284,7740,0.35838006230529595,2876,0.351630836725235,8025,0.3069383543977302,2380,0.30951637029647827,7754,detect_bbox_fallback_after:none,aug_000015,1,1,1,1,4,train,aug_000015,ok
0.04716981132075472,115,0.045676637440919876,2438,0.43946591346771086,3423,0.4452250897884369,7789,0.45402003596198304,3535,0.4527948200702667,7786,0.36719770174980415,2812,0.36191102862358093,7658,detect_bbox_fallback_after:none,aug_000016,1,1,1,1,4,train,aug_000016,ok
0.06385591485878019,156,0.0605015903711319,2443,0.4986560860104953,3896,0.5054640769958496,7813,0.4427971336792686,3584,0.44019585847854614,8094,0.4274611398963731,3300,0.43095290660858154,7720,detect_bbox_fallback_after:none,aug_000017,1,1,1,1,4,train,aug_000017,ok
0.06623586429725363,164,0.07365544140338898,2476,0.289568345323741,2254,0.29609808325767517,7784,0.4178168130489335,3330,0.41418948769569397,7970,0.3860507013254407,3000,0.38725608587265015,7771,detect_bbox_fallback_after:none,aug_000018,1,1,1,1,4,train,aug_000018,ok
0.06323283082077052,151,0.06207222864031792,2388,0.38286620835536755,2896,0.38827356696128845,7564,0.4622311155577789,3696,0.46485674381256104,7996,0.4081210396999871,3156,0.4041249752044678,7733,detect_bbox_fallback_after:none,aug_000019,1,1,1,1,4,train,aug_000019,ok
0.060777957860615885,150,0.05833054333925247,2468,0.398750650702759,3064,0.40155646204948425,7684,0.5245594300712411,4197,0.5226037502288818,8001,0.5258295380611581,4041,0.5282520651817322,7685,detect_bbox_fallback_after:none,aug_000020,1,1,1,1,4,train,aug_000020,ok
0.05963880722385552,142,0.06019577383995056,2381,0.46839460460195714,3542,0.47854453325271606,7562,0.45867037411526795,3629,0.4566519558429718,7912,0.30422972448583624,2352,0.3035927712917328,7731,detect_bbox_fallback_after:none,aug_000021,1,1,1,1,4,train,aug_000021,ok
0.07408940397350994,179,0.081241175532341,2416,0.2788523951707127,2148,0.27753329277038574,7703,0.2199295420231505,1748,0.21949590742588043,7948,0.3466564181398924,2706,0.34737318754196167,7806,detect_bbox_fallback_after:none,aug_000024,1,1,1,1,4,train,aug_000024,ok
0.043973941368078175,108,0.042868394404649734,2456,0.382421875,2937,0.3764083981513977,7680,0.3955961466282998,3162,0.3901619017124176,7993,0.457002457002457,3534,0.4577190577983856,7733,detect_bbox_fallback_after:none,aug_000025,1,1,1,1,4,train,aug_000025,ok
0.09811017289907518,244,0.0877988412976265,2487,0.46865786437636203,3656,0.4634946286678314,7801,0.48955946014769547,3845,0.49189653992652893,7854,0.459919449136027,3540,0.4588729739189148,7697,detect_bbox_fallback_after:none,aug_000027,1,1,1,1,4,train,aug_000027,ok
0.044858231062209056,106,0.049293335527181625,2363,0.3300832033281331,2539,0.3287857472896576,7692,0.48588060440921477,3923,0.4838467836380005,8074,0.33758459135866736,2594,0.33351120352745056,7684,detect_bbox_fallback_after:none,aug_000029,1,1,1,1,4,train,aug_000029,ok
0.038477801268498944,91,0.04011859372258186,2365,0.4292361380379992,3321,0.4258946478366852,7737,0.45290979029656286,3650,0.45354074239730835,8059,0.49353641366952516,3856,0.4943704605102539,7813,detect_bbox_fallback_after:none,aug_000030,1,1,1,1,4,train,aug_000030,ok
0.04256181597081476,105,0.04336778074502945,2467,0.37798612894939637,2943,0.38012200593948364,7786,0.4062029131089905,3235,0.401481032371521,7964,0.41070268866086507,3162,0.4115627706050873,7699,detect_bbox_fallback_after:none,aug_000031,1,1,1,1,4,train,aug_000031,ok
0.07136929460580912,172,0.07345819473266602,2410,0.43665420801649696,3388,0.43962013721466064,7759,0.32122905027932963,2530,0.3179020583629608,7876,0.4311479726171669,3275,0.42873620986938477,7596,detect_bbox_fallback_after:none,aug_000032,1,1,1,1,4,train,aug_000032,ok
0.05095277547638774,123,0.046432096511125565,2414,0.44382095784940623,3401,0.4372633993625641,7663,0.5006853582554517,4018,0.49426189064979553,8025,0.39671421293937853,3115,0.39964863657951355,7852,detect_bbox_fallback_after:none,aug_000033,1,1,1,1,4,train,aug_000033,ok
0.06680851063829787,157,0.07261636108160019,2350,0.25444722624851757,1931,0.2569710612297058,7589,0.4922748398442407,3919,0.4911482036113739,7961,0.36381247578457965,2817,0.3679955005645752,7743,detect_bbox_fallback_after:none,aug_000034,1,1,1,1,4,train,aug_000034,ok
0.03664495114006515,90,0.03431663289666176,2456,0.5031201248049922,3870,0.4998466372489929,7692,0.40421792618629176,3220,0.40271618962287903,7966,0.46879875195007803,3606,0.47075772285461426,7692,detect_bbox_fallback_after:none,aug_000036,1,1,1,1,4,train,aug_000036,ok
0.08590492076730609,206,0.082742840051651,2398,0.45687027958129056,3448,0.46113282442092896,7547,0.6154615961971479,4920,0.621821939945221,7994,0.4695428203477141,3646,0.46831536293029785,7765,detect_bbox_fallback_after:none,aug_000037,1,1,1,1,4,train,aug_000037,ok
0.0411433521004764,95,0.03709554299712181,2309,0.41577154833638985,3174,0.42042097449302673,7634,0.3624312156078039,2898,0.3663375675678253,7996,0.5740205101235867,4366,0.5684828758239746,7606,detect_bbox_fallback_after:none,aug_000038,1,1,1,1,4,train,aug_000038,ok
0.0342327829238824,85,0.03295591101050377,2483,0.48207839092315624,3739,0.4828200936317444,7756,0.3135635635635636,2506,0.30176880955696106,7992,0.4355749486652977,3394,0.4371148645877838,7792,detect_bbox_fallback_after:none,aug_000041,1,1,1,1,4,train,aug_000041,ok
0.04668008048289739,116,0.04547987878322601,2485,0.3064243997404283,2361,0.3008992075920105,7705,0.37806853582554517,3034,0.37615981698036194,8025,0.4654858035946861,3574,0.46754130721092224,7678,detect_bbox_fallback_after:none,aug_000042,1,1,1,1,4,train,aug_000042,ok
0.0445360824742268,108,0.04368872940540314,2425,0.43578700078308535,3339,0.4402777850627899,7662,0.3619106699751861,2917,0.36454153060913086,8060,0.38800845219228736,2938,0.37998542189598083,7572,detect_bbox_fallback_after:none,aug_000043,1,1,1,1,4,train,aug_000043,ok
0.03640776699029126,90,0.03974153473973274,2472,0.5208439247585155,4098,0.5312291383743286,7868,0.3798193154345337,2985,0.3865260183811188,7859,0.474883480062144,3668,0.48096954822540283,7724,detect_bbox_fallback_after:none,aug_000044,1,1,1,1,4,train,aug_000044,ok
0.02943615257048093,71,0.029905136674642563,2412,0.36015276893698284,2829,0.3638373613357544,7855,0.4350056299261854,3477,0.4405963718891144,7993,0.4410072862073373,3450,0.4356369972229004,7823,detect_bbox_fallback_after:none,aug_000045,1,1,1,1,4,train,aug_000045,ok
0.03468208092485549,84,0.03746335580945015,2422,0.39399085564990205,3016,0.39966875314712524,7655,0.4305835010060362,3424,0.43800732493400574,7952,0.4124792226058049,3226,0.41516557335853577,7821,detect_bbox_fallback_after:none,aug_000046,1,1,1,1,4,train,aug_000046,ok
0.05291005291005291,130,0.0565246157348156,2457,0.5102590407796871,3979,0.5032941699028015,7798,0.39649299861233755,3143,0.40055224299430847,7927,0.33575581395348836,2541,0.3362187147140503,7568,detect_bbox_fallback_after:none,aug_000047,1,1,1,1,4,train,aug_000047,ok
0.055349029326724496,134,0.051830489188432693,2421,0.37927500960676314,2961,0.38202932476997375,7807,0.4889929149797571,3865,0.49576684832572937,7904,0.4273296689249648,3343,0.42746448516845703,7823,detect_bbox_fallback_after:none,aug_000048,1,1,1,1,4,train,aug_000048,ok
0.10430609925495643,826,0.10125651210546494,7919,0.34543797995574643,2654,0.34980520606040955,7683,0.37994050148746283,894,0.3684365153312683,2353,0.5691330828041985,4392,0.5708752274513245,7717,detect_bbox_fallback_after:none,aug_000049,1,1,1,1,4,train,aug_000049,ok
0.05959183673469388,146,0.0606132410466671,2450,0.46076175869120656,3605,0.46083375811576843,7824,0.5158799352347739,4142,0.5188995003700256,8029,0.47398996567203594,3590,0.4772714376449585,7574,detect_bbox_fallback_after:none,aug_000051,1,1,1,1,4,train,aug_000051,ok
0.024463519313304722,57,0.03272925689816475,2330,0.4232866043613707,3261,0.4201006591320038,7704,0.3903177004538578,3096,0.3911368250846863,7932,0.38795518207282914,3047,0.3952103853225708,7854,detect_bbox_fallback_after:none,aug_000052,1,1,1,1,4,train,aug_000052,ok
0.04594370860927152,111,0.045100413262844086,2416,0.48128762104161216,3678,0.48301541805267334,7642,0.4293545975579367,3446,0.43073639273643494,8026,0.34434266546252096,2669,0.34435179829597473,7751,detect_bbox_fallback_after:none,aug_000053,1,1,1,1,4,train,aug_000053,ok
0.03045473508552357,73,0.030663806945085526,2397,0.3606770833333333,2770,0.3541388213634491,7680,0.3991728286752726,3185,0.3963615894317627,7979,0.3102147039687703,2384,0.30629053711891174,7685,detect_bbox_fallback_after:none,aug_000054,1,1,1,1,4,train,aug_000054,ok
0.08713692946058091,210,0.07694040983915329,2410,0.5263979193758127,4048,0.5181937217712402,7690,0.2704465629703964,2156,0.26818621158599854,7972,0.4218968809675366,3314,0.413057416677475,7855,detect_bbox_fallback_after:none,aug_000058,1,1,1,1,4,train,aug_000058,ok
0.042411642411642414,102,0.04056928679347038,2405,0.3612545660662552,2868,0.3568001389503479,7939,0.3151031776174199,2489,0.3150949478149414,7899,0.42297209604153146,3259,0.42926353216171265,7705,detect_bbox_fallback_after:none,aug_000060,1,1,1,1,4,train,aug_000060,ok
0.024242424242424242,60,0.021024931222200394,2475,0.3608768971332209,2782,0.36656734347343445,7709,0.3184975559557499,2476,0.3250533640384674,7774,0.5008317338451695,3914,0.5034406781196594,7815,detect_bbox_fallback_after:none,aug_000061,1,1,1,1,4,train,aug_000061,ok
0.03691941246526399,93,0.043784450739622116,2519,0.36120576671035387,2756,0.3627922832965851,7630,0.46742173581063884,3673,0.46711936593055725,7858,0.3301282051282051,2575,0.32908928394317627,7800,detect_bbox_fallback_after:none,aug_000063,1,1,1,1,4,train,aug_000063,ok
0.060593397409109906,145,0.05676029622554779,2393,0.4604687097604945,3576,0.4642297327518463,7766,0.40623409669211197,3193,0.40670546889305115,7860,0.45446254071661235,3488,0.45576930046081543,7675,detect_bbox_fallback_after:none,aug_000064,1,1,1,1,4,train,aug_000064,ok
0.05508302956662616,136,0.05363890156149864,2469,0.328312089609888,2550,0.3273542523384094,7767,0.4595244118391095,3633,0.4620324671268463,7906,0.46728122565567387,3599,0.4697204828262329,7702,detect_bbox_fallback_after:none,aug_000065,1,1,1,1,4,train,aug_000065,ok
0.03793814432989691,92,0.03982650116086006,2425,0.3991607658012064,3044,0.39910173416137695,7626,0.39086550592985114,3098,0.3871813714504242,7926,0.4473236487370763,3418,0.4500648081302643,7641,detect_bbox_fallback_after:none,aug_000066,1,1,1,1,4,train,aug_000066,ok
0.03262642740619902,80,0.03474649786949158,2452,0.47278160322203455,3639,0.46967580914497375,7697,0.407332233921096,3211,0.40666183829307556,7883,0.48247737989040396,3786,0.4835209846496582,7847,detect_bbox_fallback_after:none,aug_000067,1,1,1,1,4,train,aug_000067,ok
0.06046511627906977,143,0.06262709200382233,2365,0.3747587803936704,2913,0.3771021366119385,7773,0.24835941443715295,1968,0.24672821164131165,7924,0.5207153885743695,4047,0.5264430046081543,7772,detect_bbox_fallback_after:none,aug_000068,1,1,1,1,4,train,aug_000068,ok
0.041565778853914444,103,0.0429752916097641,2478,0.48152531229454304,3662,0.47114506363868713,7605,0.448889449772842,3557,0.45032745599746704,7924,0.46678822610054704,3584,0.46858248114585876,7678,detect_bbox_fallback_after:none,aug_000069,1,1,1,1,4,train,aug_000069,ok
0.05127118644067796,121,0.05386624485254288,2360,0.3651903651903652,2820,0.3643886148929596,7722,0.29437445428464515,2360,0.2946743965148926,8017,0.33720330237358104,2614,0.34036222100257874,7752,detect_bbox_fallback_after:none,aug_000072,1,1,1,1,4,train,aug_000072,ok
0.03841438496117695,94,0.035980865359306335,2447,0.5126278979406813,3958,0.5104843378067017,7721,0.4323544176706827,3445,0.4316798150539398,7968,0.47695912522780526,3664,0.48129117488861084,7682,detect_bbox_fallback_after:none,aug_000073,1,1,1,1,4,train,aug_000073,ok
0.042027194066749075,102,0.041101474314928055,2427,0.45941767585673793,3566,0.463223934173584,7762,0.4902621722846442,3927,0.5020264983177185,8010,0.44631003514252243,3429,0.4473509192466736,7683,detect_bbox_fallback_after:none,aug_000074,1,1,1,1,4,train,aug_000074,ok
0.05119047619047619,129,0.050245508551597595,2520,0.45301579083613774,3500,0.4484524428844452,7726,0.4597557936705706,3690,0.46469730138778687,8026,0.34266359918200406,2681,0.3400583863258362,7824,detect_bbox_fallback_after:none,aug_000075,1,1,1,1,4,train,aug_000075,ok
0.0519318653926049,125,0.05110286921262741,2407,0.34312047399605006,2606,0.3301008641719818,7595,0.27116960516513533,2184,0.27811399102211,8054,0.39753682072117824,3131,0.395620197057724,7876,detect_bbox_fallback_after:none,aug_000076,1,1,1,1,4,train,aug_000076,ok
0.03776683087027915,92,0.03608119487762451,2436,0.48505897771952816,3701,0.48737770318984985,7630,0.4118844636722229,3237,0.4007657766342163,7859,0.40015420200462604,3114,0.39869964122772217,7782,detect_bbox_fallback_after:none,aug_000077,1,1,1,1,4,train,aug_000077,ok
0.04394250513347023,107,0.04199168458580971,2435,0.4264381249188417,3284,0.4197140336036682,7701,0.4469494331932238,3509,0.4416629374027252,7851,0.3287527810496008,2512,0.3255853056907654,7641,detect_bbox_fallback_after:none,aug_000078,1,1,1,1,4,train,aug_000078,ok
0.032632030914555604,76,0.03666267544031143,2329,0.3809400155803687,2934,0.37928834557533264,7702,0.34496460946231217,2778,0.3470720946788788,8053,0.4328377504848093,3348,0.4296710193157196,7735,detect_bbox_fallback_after:none,aug_000079,1,1,1,1,4,train,aug_000079,ok
0.04591406908171862,109,0.0459710955619812,2374,0.36073180432188784,2721,0.3633650541305542,7543,0.5044080604534005,4005,0.5078957080841064,7940,0.5123496702444071,3962,0.5144039392471313,7733,detect_bbox_fallback_after:none,aug_000080,1,1,1,1,4,train,aug_000080,ok
0.0325,78,0.03379460796713829,2400,0.39479008598887205,3122,0.39302849769592285,7908,0.4289530594072001,3372,0.4274706244468689,7861,0.3431701030927835,2663,0.349720299243927,7760,detect_bbox_fallback_after:none,aug_000081,1,1,1,1,4,train,aug_000081,ok
0.04611066559743384,115,0.04126312583684921,2494,0.42228427070868235,3176,0.4187026619911194,7521,0.4826221397649969,3902,0.47844013571739197,8085,0.5014643237486688,3767,0.5001196265220642,7512,detect_bbox_fallback_after:none,aug_000082,1,1,1,1,4,train,aug_000082,ok
0.05575905575905576,137,0.055236171931028366,2457,0.3109472049689441,2403,0.3110519051551819,7728,0.4762024678922186,3782,0.47721272706985474,7942,0.44514713474445017,3449,0.4500565230846405,7748,detect_bbox_fallback_after:none,aug_000083,1,1,1,1,4,train,aug_000083,ok
0.05141490633718613,129,0.05714711546897888,2509,0.515598485837358,3950,0.5180914402008057,7661,0.44795515352274173,3516,0.44542965292930603,7849,0.42050019437605285,3245,0.4237402379512787,7717,detect_bbox_fallback_after:none,aug_000084,1,1,1,1,4,train,aug_000084,ok
0.034653465346534656,84,0.03484392166137695,2424,0.306364339087864,2378,0.30339059233665466,7762,0.4699619771863118,3708,0.47265952825546265,7890,0.3215025906735751,2482,0.3229847550392151,7720,detect_bbox_fallback_after:none,aug_000085,1,1,1,1,4,train,aug_000085,ok
0.037207357859531776,89,0.031640514731407166,2392,0.3949396352427434,3075,0.3921089172363281,7786,0.34980800198191503,2824,0.35385289788246155,8073,0.37272494232248143,2908,0.37331143021583557,7802,detect_bbox_fallback_after:none,aug_000088,1,1,1,1,4,train,aug_000088,ok
0.05374203821656051,135,0.051509883254766464,2512,0.43981723237597914,3369,0.4447724521160126,7660,0.40767295597484277,3241,0.40212589502334595,7950,0.4337272842800864,3413,0.42856889963150024,7869,detect_bbox_fallback_after:none,aug_000089,1,1,1,1,4,train,aug_000089,ok
0.024842105263157895,59,0.02873469702899456,2375,0.5038550501156515,3921,0.49935272336006165,7782,0.4311733366373436,3480,0.43007326126098633,8071,0.3968356058657062,3085,0.39576929807662964,7774,detect_bbox_fallback_after:none,aug_000090,1,1,1,1,4,train,aug_000090,ok
0.03442689347914135,85,0.037598345428705215,2469,0.4037095501183899,3069,0.39381614327430725,7602,0.48818698673404926,3864,0.4874189496040344,7915,0.4849813072063942,3762,0.4851790964603424,7757,detect_bbox_fallback_after:none,aug_000091,1,1,1,1,4,train,aug_000091,ok
0.040695209834675714,96,0.042126480489969254,2359,0.4089916506101477,3184,0.4156774878501892,7785,0.5299527398135139,4149,0.5266766548156738,7829,0.397215716887848,3053,0.39823853969573975,7686,detect_bbox_fallback_after:none,aug_000092,1,1,1,1,4,train,aug_000092,ok
0.07364501448076127,178,0.07489600032567978,2417,0.4493118051879301,3395,0.44146260619163513,7556,0.36728819922412714,2935,0.36670392751693726,7991,0.4246771879483501,3256,0.4265323579311371,7667,detect_bbox_fallback_after:none,aug_000093,1,1,1,1,4,train,aug_000093,ok
0.04151696606786427,104,0.03889838233590126,2505,0.42662473794549266,3256,0.42844679951667786,7632,0.4607401850462616,3685,0.46670493483543396,7998,0.4076682316118936,3126,0.407365620136261,7668,detect_bbox_fallback_after:none,aug_000094,1,1,1,1,4,train,aug_000094,ok
0.03638593622240392,89,0.03409089148044586,2446,0.40592379958246344,3111,0.4051061272621155,7664,0.40725052946306217,3269,0.4063056707382202,8027,0.44549090439943234,3453,0.44140249490737915,7751,detect_bbox_fallback_after:none,aug_000095,1,1,1,1,4,train,aug_000095,ok
0.05904059040590406,144,0.057105183601379395,2439,0.3310959080934555,2565,0.33437466621398926,7747,0.30429849993697217,2414,0.30159512162208557,7933,0.39763069791398403,3088,0.3939133286476135,7766,detect_bbox_fallback_after:none,aug_000096,1,1,1,1,4,train,aug_000096,ok
0.02979591836734694,73,0.030022991821169853,2450,0.3465514984949614,2648,0.3470649719238281,7641,0.488941351888668,3935,0.4893215596675873,8048,0.28723819435410436,2208,0.29247811436653137,7687,detect_bbox_fallback_after:none,aug_000097,1,1,1,1,4,train,aug_000097,ok
0.02269913330581923,55,0.02588670141994953,2423,0.4250862179077788,3328,0.42787113785743713,7829,0.3722884012539185,2969,0.37950611114501953,7975,0.4327211150188876,3322,0.44267499446868896,7677,detect_bbox_fallback_after:none,aug_000098,1,1,1,1,4,train,aug_000098,ok
0.04706853839801817,114,0.0463867112994194,2422,0.2957764614988411,2297,0.29384785890579224,7766,0.506379784838629,4048,0.5035913586616516,7994,0.33943406022845274,2615,0.33240702748298645,7704,detect_bbox_fallback_after:none,aug_000099,1,1,1,1,4,train,aug_000099,ok
0.04726056043496445,113,0.044269055128097534,2391,0.28147174770039424,2142,0.2706492245197296,7610,0.42986308447429605,3328,0.43395423889160156,7742,0.34305163113280246,2671,0.354049950838089,7786,detect_bbox_fallback_after:none,aug_000100,1,1,1,1,4,train,aug_000100,ok
0.03046974185357596,72,0.029885107651352882,2363,0.46590455935132263,3505,0.46521541476249695,7523,0.4088009373779456,3140,0.4074166417121887,7681,0.3542722888586621,2865,0.35587504506111145,8087,detect_bbox_fallback_after:none,aug_000101,1,1,1,1,4,train,aug_000101,ok
0.04654088050314465,111,0.04780813679099083,2385,0.5074049366244163,3803,0.49863356351852417,7495,0.3608353745004512,2799,0.3617386519908905,7757,0.4462474645030426,3520,0.44114920496940613,7888,detect_bbox_fallback_after:none,aug_000102,1,1,1,1,4,train,aug_000102,ok
0.051423714407139824,121,0.05431387200951576,2353,0.47305863708399365,3582,0.47726333141326904,7572,0.39550882658359293,3047,0.39652442932128906,7704,0.5459720331642124,4412,0.5440892577171326,8081,detect_bbox_fallback_after:none,aug_000103,1,1,1,1,4,train,aug_000103,ok
0.08755324183625178,185,0.090387262403965,2113,0.3616097278517661,2498,0.3660861849784851,6908,0.44962444962444964,3472,0.4441549479961395,7722,0.43880940214614206,3435,0.43834421038627625,7828,detect_bbox_fallback_after:none,aug_000104,1,1,1,1,4,train,aug_000104,ok
0.057574520212331566,141,0.06366637349128723,2449,0.4013868515802107,3010,0.4069206118583679,7499,0.5030271123979995,3822,0.4981533885002136,7598,0.3371101209420751,2648,0.3382057845592499,7855,detect_bbox_fallback_after:none,aug_000105,1,1,1,1,4,train,aug_000105,ok
0.09564393939393939,202,0.10196530073881149,2112,0.3538439264514261,2444,0.35462191700935364,6907,0.3613029315960912,2773,0.36168134212493896,7675,0.3430407975862521,2615,0.33870595693588257,7623,detect_bbox_fallback_after:none,aug_000106,1,1,1,1,4,train,aug_000106,ok
0.08179202630497329,199,0.07602676004171371,2433,0.38429916456703356,2898,0.3776184916496277,7541,0.49257777204079,3816,0.4906158745288849,7747,0.3733097434601289,2954,0.37550026178359985,7913,detect_bbox_fallback_after:none,aug_000109,1,1,1,1,4,train,aug_000109,ok
0.05274173294265383,126,0.04603024944663048,2389,0.4168855042016807,3175,0.4211219251155853,7616,0.34197626418988647,2651,0.3423391878604889,7752,0.3156073808303434,2463,0.3127627968788147,7804,detect_bbox_fallback_after:none,aug_000110,1,1,1,1,4,train,aug_000110,ok
0.07028112449799197,175,0.06768272072076797,2490,0.3794858061060525,2834,0.38069623708724976,7468,0.30451176700039007,2342,0.3039780557155609,7691,0.4396906573531246,3525,0.43452727794647217,8017,detect_bbox_fallback_after:none,aug_000111,1,1,1,1,4,train,aug_000111,ok
0.033927056827820185,80,0.04027824476361275,2358,0.3852813852813853,2937,0.38619670271873474,7623,0.35443527591542034,2749,0.3492046296596527,7756,0.38134103465595176,3037,0.3848341703414917,7964,detect_bbox_fallback_after:none,aug_000112,1,1,1,1,4,train,aug_000112,ok
0.07290836653386454,183,0.07166479527950287,2510,0.3139869281045752,2402,0.31019437313079834,7650,0.46629791613069205,3625,0.4577607810497284,7774,0.45485412474849096,3617,0.4581795632839203,7952,detect_bbox_fallback_after:none,aug_000113,1,1,1,1,4,train,aug_000113,ok
0.1015952980688497,242,0.1025666669011116,2382,0.3344622053643999,2469,0.33297574520111084,7382,0.4444300852933575,3439,0.44302770495414734,7738,0.5535485523955931,4321,0.549616277217865,7806,detect_bbox_fallback_after:none,aug_000115,1,1,1,1,4,train,aug_000115,ok
0.04103852596314908,98,0.04527142643928528,2388,0.4949360341151386,3714,0.4913497269153595,7504,0.36938564790913786,2862,0.37039026618003845,7748,0.5410984611535093,4325,0.5420623421669006,7993,detect_bbox_fallback_after:none,aug_000116,1,1,1,1,4,train,aug_000116,ok
0.041043180846515606,96,0.04659774526953697,2339,0.4457910683704387,3384,0.44294458627700806,7591,0.5709911978568695,4476,0.569251537322998,7839,0.31292429870628924,2443,0.3022772967815399,7807,detect_bbox_fallback_after:none,aug_000117,1,1,1,1,4,train,aug_000117,ok
0.07235701906412478,167,0.0733376145362854,2308,0.32352549593928903,2430,0.3297302722930908,7511,0.4129927385892116,3185,0.41200149059295654,7712,0.4747008973080758,3809,0.47482776641845703,8024,detect_bbox_fallback_after:none,aug_000118,1,1,1,1,4,train,aug_000118,ok
0.05981155264235969,146,0.06025966629385948,2441,0.44510226049515605,3308,0.4522334337234497,7432,0.38945180566380877,2998,0.39872583746910095,7698,0.43687275430553835,3526,0.4328802227973938,8071,detect_bbox_fallback_after:none,aug_000119,1,1,1,1,4,train,aug_000119,ok
0.04080774084981069,97,0.03963271901011467,2377,0.32042581503659345,2408,0.3190533518791199,7515,0.44464308517430723,3482,0.4475727677345276,7831,0.44986823942778265,3585,0.45629721879959106,7969,detect_bbox_fallback_after:none,aug_000120,1,1,1,1,4,train,aug_000120,ok
0.045174537987679675,110,0.04167797043919563,2435,0.5414252997440387,4019,0.5370851755142212,7423,0.36662824945575617,2863,0.36423787474632263,7809,0.5530697851785942,4351,0.5489060878753662,7867,detect_bbox_fallback_after:none,aug_000121,1,1,1,1,4,train,aug_000121,ok
0.048089308716187204,112,0.04891906678676605,2329,0.40688658167958996,3096,0.40409019589424133,7609,0.3543286677034733,2734,0.35717564821243286,7716,0.4069412662090008,3201,0.40602168440818787,7866,detect_bbox_fallback_after:none,aug_000122,1,1,1,1,4,train,aug_000122,ok
0.033360790774299834,81,0.034753069281578064,2428,0.4073026138507141,3023,0.40741750597953796,7422,0.37358684480986637,2908,0.3824831247329712,7784,0.4480909206997829,3509,0.4469563066959381,7831,detect_bbox_fallback_after:none,aug_000123,1,1,1,1,4,train,aug_000123,ok
0.024040489245044285,57,0.028746699914336205,2371,0.4112664694810433,3059,0.4149411916732788,7438,0.37525987525987525,2888,0.37312933802604675,7696,0.5374411108356062,4335,0.5427446365356445,8066,detect_bbox_fallback_after:none,aug_000124,1,1,1,1,4,train,aug_000124,ok
0.030838815789473683,75,0.03044949658215046,2432,0.4613446492507625,3479,0.46192997694015503,7541,0.5320945945945946,4095,0.530488133430481,7696,0.3501733531451213,2828,0.34894344210624695,8076,detect_bbox_fallback_after:none,aug_000125,1,1,1,1,4,train,aug_000125,ok
0.044099118017639646,105,0.046047143638134,2381,0.3068649581728854,2311,0.30412113666534424,7531,0.3685245901639344,2810,0.37485963106155396,7625,0.42213577613251346,3364,0.4165817201137543,7969,detect_bbox_fallback_after:none,aug_000126,1,1,1,1,4,train,aug_000126,ok
0.02554594149155336,62,0.024584153667092323,2427,0.3418951290923609,2569,0.3400118350982666,7514,0.5083892617449665,3939,0.5022242665290833,7748,0.34065244667503136,2715,0.33806154131889343,7970,detect_bbox_fallback_after:none,aug_000127,1,1,1,1,4,train,aug_000127,ok
0.05688375927452597,138,0.05410733446478844,2426,0.4589928057553957,3509,0.45132526755332947,7645,0.4780262143407864,3720,0.47220128774642944,7782,0.40106951871657753,3150,0.39546024799346924,7854,detect_bbox_fallback_after:none,aug_000128,1,1,1,1,4,train,aug_000128,ok
0.05751848808545604,140,0.054139360785484314,2434,0.41333508679642295,3143,0.414826363325119,7604,0.3933774834437086,2970,0.39412394165992737,7550,0.4504256384576865,3598,0.4541392922401428,7988,detect_bbox_fallback_after:none,aug_000130,1,1,1,1,4,train,aug_000130,ok
0.07222451506397029,175,0.06895177811384201,2423,0.46337558372248167,3473,0.4622649550437927,7495,0.4456422912066502,3431,0.4402659833431244,7699,0.2488363316140395,1978,0.24922867119312286,7949,detect_bbox_fallback_after:none,aug_000131,1,1,1,1,4,train,aug_000131,ok
0.031053294167016365,74,0.03509502485394478,2383,0.3639139670738184,2741,0.35650119185447693,7532,0.4652504589562025,3548,0.4573691189289093,7626,0.573266078184111,4546,0.5763223171234131,7930,detect_bbox_fallback_after:none,aug_000132,1,1,1,1,4,train,aug_000132,ok
0.04411764705882353,105,0.04496731981635094,2380,0.483565606100447,3678,0.4853459894657135,7606,0.376040999359385,2935,0.3863207995891571,7805,0.358571790326665,2832,0.36467888951301575,7898,detect_bbox_fallback_after:none,aug_000133,1,1,1,1,4,train,aug_000133,ok
0.10303514376996806,258,0.09396179765462875,2504,0.45935727788279773,3402,0.458742618560791,7406,0.41208791208791207,3150,0.41785088181495667,7644,0.43635212159594683,3445,0.42635372281074524,7895,detect_bbox_fallback_after:none,aug_000134,1,1,1,1,4,train,aug_000134,ok
0.05515789473684211,131,0.05292540043592453,2375,0.36999867951934506,2802,0.372144877910614,7573,0.4164358264081256,3157,0.4161199927330017,7581,0.4175114039533705,3295,0.4238428473472595,7892,detect_bbox_fallback_after:none,aug_000135,1,1,1,1,4,train,aug_000135,ok
0.04024896265560166,97,0.04327628016471863,2410,0.49043250327654,3742,0.48273715376853943,7630,0.40170498579178504,3110,0.3965599536895752,7742,0.5470484359233098,4337,0.5508890151977539,7928,detect_bbox_fallback_after:none,aug_000136,1,1,1,1,4,train,aug_000136,ok
0.025279734769995857,61,0.02382948063313961,2413,0.4639175257731959,3510,0.4692855179309845,7566,0.36185223191380195,2821,0.36290162801742554,7796,0.32407868525896416,2603,0.32045695185661316,8032,detect_bbox_fallback_after:none,aug_000137,1,1,1,1,4,train,aug_000137,ok
0.04696591853699086,113,0.04494569078087807,2406,0.31135291033036183,2375,0.30877330899238586,7628,0.3559322033898305,2688,0.35739555954933167,7552,0.3642811906269791,2876,0.3628619313240051,7895,detect_bbox_fallback_after:none,aug_000138,1,1,1,1,4,train,aug_000138,ok
0.06030969845150774,148,0.06259036064147949,2454,0.37566773504273504,2813,0.37799271941185,7488,0.5398621407205099,4151,0.5471848845481873,7689,0.33899584748961875,2694,0.3365834355354309,7947,detect_bbox_fallback_after:none,aug_000140,1,1,1,1,4,train,aug_000140,ok
0.04579207920792079,111,0.046590857207775116,2424,0.5135351380184024,3851,0.5164825320243835,7499,0.38817911988643694,3008,0.3852775990962982,7749,0.37103728125792546,2926,0.37071549892425537,7886,detect_bbox_fallback_after:none,aug_000141,1,1,1,1,4,train,aug_000141,ok
0.023096663815226688,54,0.02525399811565876,2338,0.37757133377571334,2845,0.3809173107147217,7535,0.463302752293578,3535,0.46080341935157776,7630,0.4108040201005025,3270,0.40575772523880005,7960,detect_bbox_fallback_after:none,aug_000142,1,1,1,1,4,train,aug_000142,ok
0.03563941299790356,85,0.034883663058280945,2385,0.4457455113192818,3426,0.434885710477829,7686,0.47091194968553457,3594,0.48100125789642334,7632,0.4201605709188225,3297,0.42828184366226196,7847,detect_bbox_fallback_after:none,aug_000144,1,1,1,1,4,train,aug_000144,ok
0.07900122799836266,193,0.07585319131612778,2443,0.3406709985413075,2569,0.3466954231262207,7541,0.4514618402733831,3567,0.44525790214538574,7901,0.32499051952976865,2571,0.3255082368850708,7911,detect_bbox_fallback_after:none,aug_000145,1,1,1,1,4,train,aug_000145,ok
0.054890631448617416,133,0.053988806903362274,2423,0.35294117647058826,2700,0.35067102313041687,7650,0.42612392116449826,3308,0.42989543080329895,7763,0.3573934837092732,2852,0.3650204539299011,7980,detect_bbox_fallback_after:none,aug_000146,1,1,1,1,4,train,aug_000146,ok
0.035443037974683546,84,0.03157844766974449,2370,0.4695461011250485,3631,0.4704494774341583,7733,0.31639635073492145,2497,0.3235085606575012,7892,0.4368267646686098,3447,0.4421921670436859,7891,detect_bbox_fallback_after:none,aug_000147,1,1,1,1,4,train,aug_000147,ok
0.03512396694214876,85,0.030841704457998276,2420,0.45041972717733475,3434,0.4503129720687866,7624,0.4664511958629606,3608,0.459201842546463,7735,0.2979810568295115,2391,0.29979750514030457,8024,detect_bbox_fallback_after:none,aug_000148,1,1,1,1,4,train,aug_000148,ok
0.035014589412255104,84,0.03830421343445778,2399,0.48774765380604795,3742,0.49462589621543884,7672,0.4420544909399035,3391,0.43968361616134644,7671,0.5128397845421521,4094,0.5173223614692688,7983,detect_bbox_fallback_after:none,aug_000149,1,1,1,1,4,train,aug_000149,ok
0.06462110646211065,139,0.06205049902200699,2151,0.4250625091925283,2890,0.4219253659248352,6799,0.4438114966338685,3428,0.443580687046051,7724,0.3551912568306011,2665,0.353589802980423,7503,detect_bbox_fallback_after:none,aug_000152,1,1,1,1,4,train,aug_000152,ok
0.02630480167014614,63,0.029783369973301888,2395,0.5003284719484956,3808,0.49613383412361145,7611,0.4094248796554345,3232,0.4027259945869446,7894,0.3261840929401251,2555,0.3187482953071594,7833,detect_bbox_fallback_after:none,aug_000153,1,1,1,1,4,train,aug_000153,ok
0.03713527851458886,84,0.03932739049196243,2262,0.4336878955163592,3221,0.42473453283309937,7427,0.4945806451612903,3833,0.4910303056240082,7750,0.4400395208101766,3563,0.4367324411869049,8097,detect_bbox_fallback_after:none,aug_000155,1,1,1,1,4,train,aug_000155,ok
0.08755760368663594,209,0.08774404227733612,2387,0.42881737518209506,3238,0.425679087638855,7551,0.5405649426028634,4191,0.5476306676864624,7753,0.35550777791830024,2811,0.35800865292549133,7907,detect_bbox_fallback_after:none,aug_000156,1,1,1,1,4,train,aug_000156,ok
0.03885903265812319,94,0.03385498747229576,2419,0.3613941018766756,2696,0.36789917945861816,7460,0.49489261393399686,3779,0.4838789105415344,7636,0.4455939174872242,3575,0.44555702805519104,8023,detect_bbox_fallback_after:none,aug_000157,1,1,1,1,4,train,aug_000157,ok
0.07426376440460948,174,0.06959765404462814,2343,0.3504666754305245,2666,0.36096128821372986,7607,0.35574921956295524,2735,0.35011544823646545,7688,0.47167156925438036,3688,0.4803336262702942,7819,detect_bbox_fallback_after:none,aug_000158,1,1,1,1,4,train,aug_000158,ok
0.045585215605749484,111,0.03908000886440277,2435,0.2712242487862485,2067,0.2669592797756195,7621,0.42486303156796246,3257,0.4211257994174957,7666,0.3904066473624575,3101,0.3899325430393219,7943,detect_bbox_fallback_after:none,aug_000159,1,1,1,1,4,train,aug_000159,ok
0.04416013206768469,107,0.04648302122950554,2423,0.4053470159330273,3002,0.4046570062637329,7406,0.3657377680749968,2848,0.3726600110530853,7787,0.4477926587301587,3611,0.4476602077484131,8064,detect_bbox_fallback_after:none,aug_000160,1,1,1,1,4,train,aug_000160,ok
0.11436597110754414,285,0.11375287920236588,2492,0.3819938279887294,2847,0.37702351808547974,7453,0.4047098185561704,3145,0.40602171421051025,7771,0.43816564340308234,3497,0.4291827380657196,7981,detect_bbox_fallback_after:none,aug_000161,1,1,1,1,4,train,aug_000161,ok
0.048061389337641355,119,0.05424468591809273,2476,0.3352340538390134,2528,0.3328114449977875,7541,0.25818932164044367,2002,0.2567839026451111,7754,0.3058466978153807,2422,0.31063517928123474,7919,detect_bbox_fallback_after:none,aug_000162,1,1,1,1,4,train,aug_000162,ok
0.05363321799307959,124,0.05154038220643997,2312,0.41750621483710587,3191,0.41580691933631897,7643,0.4929452141858396,3878,0.4869416058063507,7867,0.5580571717682773,4412,0.5560389161109924,7906,detect_bbox_fallback_after:none,aug_000164,1,1,1,1,4,train,aug_000164,ok
0.02535328345802161,61,0.02467409335076809,2406,0.46048869248765273,3543,0.4592214822769165,7694,0.3873862158647594,2979,0.3916641175746918,7690,0.47648007943403253,3839,0.47360959649086,8057,detect_bbox_fallback_after:none,aug_000165,1,1,1,1,4,train,aug_000165,ok
0.06598360655737705,161,0.06722290068864822,2440,0.4438224710115954,3330,0.44659173488616943,7503,0.5574168797953964,4359,0.5653444528579712,7820,0.48708580068035784,3866,0.49308353662490845,7937,detect_bbox_fallback_after:none,aug_000167,1,1,1,1,4,train,aug_000167,ok
0.057107127969987494,137,0.057483114302158356,2399,0.37706681005511494,2805,0.3766462206840515,7439,0.3838742393509128,3028,0.3779568076133728,7888,0.36520765978612285,2937,0.3631711006164551,8042,detect_bbox_fallback_after:none,aug_000169,1,1,1,1,4,train,aug_000169,ok
0.06136455389584174,152,0.061517808586359024,2477,0.27073428420496565,2050,0.27437594532966614,7572,0.5686375321336761,4424,0.5705947875976562,7780,0.40921510183805265,3295,0.40408235788345337,8052,detect_bbox_fallback_after:none,aug_000170,1,1,1,1,4,train,aug_000170,ok
0.0660024906600249,159,0.05924935266375542,2409,0.2658598217848118,1999,0.2630060613155365,7519,0.530846670108415,4113,0.5323503613471985,7748,0.4083322876145062,3254,0.4140390455722809,7969,detect_bbox_fallback_after:none,aug_000171,1,1,1,1,4,train,aug_000171,ok
0.026856903063365505,64,0.026746900752186775,2383,0.41588969139855547,3167,0.4229561984539032,7615,0.4049747376603187,3126,0.409853458404541,7719,0.37514282087088996,2955,0.3834143579006195,7877,detect_bbox_fallback_after:none,aug_000172,1,1,1,1,4,train,aug_000172,ok
0.04674883127921802,110,0.04652407020330429,2353,0.47876914807847354,3563,0.47078901529312134,7442,0.41825791263405704,3198,0.41724878549575806,7646,0.3606887017720246,2870,0.3559585511684418,7957,detect_bbox_fallback_after:none,aug_000174,1,1,1,1,4,train,aug_000174,ok
0.04456041750301084,111,0.04534528777003288,2491,0.4637302313423082,3548,0.46421194076538086,7651,0.2557603686635945,1998,0.257654070854187,7812,0.30311829314480493,2401,0.3057611286640167,7921,detect_bbox_fallback_after:none,aug_000175,1,1,1,1,4,train,aug_000175,ok
0.03400503778337532,81,0.03301310911774635,2382,0.3529254608602725,2642,0.35387828946113586,7486,0.41573477174056045,3160,0.4162716865539551,7601,0.4305899851264254,3474,0.4310724437236786,8068,detect_bbox_fallback_after:none,aug_000176,1,1,1,1,4,train,aug_000176,ok
0.07626427406199021,187,0.07452092319726944,2452,0.34757152361942784,2612,0.34878191351890564,7515,0.2830820770519263,2197,0.28218409419059753,7761,0.38522427440633245,3066,0.3825465440750122,7959,detect_bbox_fallback_after:none,aug_000177,1,1,1,1,4,train,aug_000177,ok
0.05357873210633947,131,0.050894103944301605,2445,0.35853820598006647,2698,0.36014723777770996,7525,0.4666580511760145,3611,0.4734014570713043,7738,0.37818226540400934,3075,0.3746684789657593,8131,detect_bbox_fallback_after:none,aug_000178,1,1,1,1,4,train,aug_000178,ok
0.01749271137026239,42,0.015092299319803715,2401,0.38794578233978155,2948,0.3874737024307251,7599,0.5121792366809952,3932,0.5167742371559143,7677,0.41877346683354194,3346,0.4235508143901825,7990,detect_bbox_fallback_after:none,aug_000179,1,1,1,1,4,train,aug_000179,ok
0.028112449799196786,63,0.03130393847823143,2241,0.32227671657201856,2497,0.32331353425979614,7748,0.441326197624331,3381,0.44159814715385437,7661,0.4148776834747878,3324,0.416308730840683,8012,detect_bbox_fallback_after:none,aug_000180,1,1,1,1,4,train,aug_000180,ok
0.03531914893617021,83,0.031493570655584335,2350,0.39456145027992534,2960,0.38988858461380005,7502,0.4042470036477332,3103,0.4044727087020874,7676,0.39864695565021296,3182,0.39624351263046265,7982,detect_bbox_fallback_after:none,aug_000182,1,1,1,1,4,train,aug_000182,ok
0.055305202785743544,135,0.05818752571940422,2441,0.3213416283473086,2376,0.3207870423793793,7394,0.45237181946042704,3538,0.4435564875602722,7821,0.3970350068518749,3187,0.3937678933143616,8027,detect_bbox_fallback_after:none,aug_000183,1,1,1,1,4,train,aug_000183,ok
0.0706429780033841,167,0.06915454566478729,2364,0.539234887060974,4130,0.5440957546234131,7659,0.44049640757674724,3372,0.4387820363044739,7655,0.44896172129096823,3589,0.4382452368736267,7994,detect_bbox_fallback_after:none,aug_000184,1,1,1,1,4,train,aug_000184,ok
0.05804111245465538,144,0.061062365770339966,2481,0.43936016782483284,3351,0.4359620213508606,7627,0.5095624836258842,3890,0.5075599551200867,7634,0.517206982543641,4148,0.5134102702140808,8020,detect_bbox_fallback_after:none,aug_000186,1,1,1,1,4,train,aug_000186,ok
0.021982758620689654,51,0.02333506941795349,2320,0.47993134407182464,3635,0.48538917303085327,7574,0.48689090676557106,3807,0.4838058650493622,7819,0.3953546453546454,3166,0.38984450697898865,8008,detect_bbox_fallback_after:none,aug_000187,1,1,1,1,4,train,aug_000187,ok
0.07121910347716799,170,0.060462404042482376,2387,0.46250330076577767,3503,0.4608059227466583,7574,0.42700258397932817,3305,0.43500417470932007,7740,0.35461510397665086,2916,0.3521031439304352,8223,detect_bbox_fallback_after:none,aug_000190,1,1,1,1,4,train,aug_000190,ok
0.04013239553165081,97,0.04048008844256401,2417,0.433056325023084,3283,0.43795549869537354,7581,0.33675038441824706,2628,0.33832648396492004,7804,0.3598461347561732,2900,0.3603306710720062,8059,detect_bbox_fallback_after:none,aug_000192,1,1,1,1,4,train,aug_000192,ok
0.021804189824711415,51,0.02806413546204567,2339,0.4502777043110288,3405,0.4520871639251709,7562,0.48517382413087934,3796,0.4757443368434906,7824,0.3814935064935065,3055,0.38999423384666443,8008,detect_bbox_fallback_after:none,aug_000193,1,1,1,1,4,train,aug_000193,ok
0.02307046979865772,55,0.02320423349738121,2384,0.42938076416337284,3259,0.42572498321533203,7590,0.4490241397021058,3497,0.44683170318603516,7788,0.3918553149606299,3185,0.38651043176651,8128,detect_bbox_fallback_after:none,aug_000194,1,1,1,1,4,train,aug_000194,ok
0.03304347826086956,76,0.03510431572794914,2300,0.5080581241743726,3846,0.5126224756240845,7570,0.4139024712567728,3132,0.41823309659957886,7567,0.46454075350898794,3773,0.46156710386276245,8122,detect_bbox_fallback_after:none,aug_000195,1,1,1,1,4,train,aug_000195,ok
0.01968019680196802,48,0.018083786591887474,2439,0.40709868244151654,3028,0.41248181462287903,7438,0.3516776817488561,2767,0.353901207447052,7868,0.35861895161290325,2846,0.35857969522476196,7936,detect_bbox_fallback_after:none,aug_000196,1,1,1,1,4,train,aug_000196,ok
0.037282518641259324,90,0.04198101535439491,2414,0.4125846276383911,3108,0.4157525300979614,7533,0.4931788931788932,3832,0.49517086148262024,7770,0.37390979317219036,3001,0.38110411167144775,8026,detect_bbox_fallback_after:none,aug_000198,1,1,1,1,4,train,aug_000198,ok
0.02751540041067762,67,0.02503758855164051,2435,0.4885363902959211,3665,0.4898608326911926,7502,0.48295454545454547,3740,0.4817911684513092,7744,0.48511493530963445,3862,0.48772674798965454,7961,detect_bbox_fallback_after:none,aug_000199,1,1,1,1,4,train,aug_000199,ok
0.02604611443210931,61,0.024373866617679596,2342,0.44577076113464253,3473,0.4461318254470825,7791,0.4273570324574961,3318,0.4246276021003723,7764,0.3857380617078479,3013,0.3883343040943146,7811,detect_bbox_fallback_after:none,aug_000001,1,1,1,1,4,val,aug_000001,ok
0.05603079555175364,131,0.05847692862153053,2338,0.31748925641359554,2438,0.31796637177467346,7679,0.3667463212174569,2916,0.3653285801410675,7951,0.3530704589528119,2731,0.3428786098957062,7735,detect_bbox_fallback_after:none,aug_000006,1,1,1,1,4,val,aug_000006,ok
0.05089695452649145,122,0.04868413880467415,2397,0.4391004809567139,3378,0.4414512515068054,7693,0.372234163611076,2944,0.37454792857170105,7909,0.38626553302812294,2953,0.39378622174263,7645,detect_bbox_fallback_after:none,aug_000007,1,1,1,1,4,val,aug_000007,ok
0.04057377049180328,99,0.04020882770419121,2440,0.4479368775061441,3463,0.4513922333717346,7731,0.3450069788097957,2719,0.35010963678359985,7881,0.31226129329645724,2371,0.303874135017395,7593,detect_bbox_fallback_after:none,aug_000008,1,1,1,1,4,val,aug_000008,ok
0.01718625099920064,43,0.017726443707942963,2502,0.4345515811301192,3353,0.43573322892189026,7716,0.4675902389425521,3679,0.4608297049999237,7868,0.4206410256410256,3281,0.4210086762905121,7800,detect_bbox_fallback_after:none,aug_000022,1,1,1,1,4,val,aug_000022,ok
0.049325463743676225,117,0.04473930969834328,2372,0.498177557927623,3827,0.4969387352466583,7682,0.3091684434968017,2465,0.2957272231578827,7973,0.5033479268606748,3909,0.5053845047950745,7766,detect_bbox_fallback_after:none,aug_000023,1,1,1,1,4,val,aug_000023,ok
0.034641068447412354,83,0.038494620472192764,2396,0.33900691067315075,2649,0.3309265375137329,7814,0.4236391129032258,3362,0.42997825145721436,7936,0.32734375,2514,0.32474851608276367,7680,detect_bbox_fallback_after:none,aug_000026,1,1,1,1,4,val,aug_000026,ok
0.028985507246376812,74,0.029946506023406982,2553,0.3754257270107414,2866,0.37649020552635193,7634,0.3884964682139253,3080,0.3940974175930023,7928,0.427185705169113,3347,0.4238044321537018,7835,detect_bbox_fallback_after:none,aug_000028,1,1,1,1,4,val,aug_000028,ok
0.04576271186440678,108,0.047175005078315735,2360,0.3723687716493472,2795,0.37341246008872986,7506,0.4466319960376424,3607,0.4495529234409332,8076,0.4738002594033722,3653,0.46716755628585815,7710,detect_bbox_fallback_after:none,aug_000035,1,1,1,1,4,val,aug_000035,ok
0.053493013972055886,134,0.055528730154037476,2505,0.4725633655604912,3617,0.47002941370010376,7654,0.344467108618052,2702,0.3404780626296997,7844,0.46350649350649353,3569,0.4674101769924164,7700,detect_bbox_fallback_after:none,aug_000039,1,1,1,1,4,val,aug_000039,ok
0.1031390134529148,253,0.10564195364713669,2453,0.4273789649415693,3328,0.42510566115379333,7787,0.40605755938167654,3231,0.41047316789627075,7957,0.3540460568635019,2752,0.3520459532737732,7773,detect_bbox_fallback_after:none,aug_000040,1,1,1,1,4,val,aug_000040,ok
0.04905968928863451,120,0.04819231852889061,2446,0.43657518654356897,3452,0.44206923246383667,7907,0.47093469910371316,3678,0.47929656505584717,7810,0.4496879875195008,3459,0.4498460590839386,7692,detect_bbox_fallback_after:none,aug_000050,1,1,1,1,4,val,aug_000050,ok
0.05739692805173808,142,0.057237036526203156,2474,0.45764248704663213,3533,0.46499258279800415,7720,0.37348331648129424,2955,0.3742046654224396,7912,0.3528423772609819,2731,0.3579150140285492,7740,detect_bbox_fallback_after:none,aug_000055,1,1,1,1,4,val,aug_000055,ok
0.061000406669377796,150,0.06560302525758743,2459,0.35300940842892126,2739,0.3514096438884735,7759,0.46325139936724263,3807,0.46045437455177307,8218,0.28281778008838054,2176,0.284235417842865,7694,detect_bbox_fallback_after:none,aug_000056,1,1,1,1,4,val,aug_000056,ok
0.052220394736842105,127,0.05064632371068001,2432,0.32781371280724453,2534,0.33396321535110474,7730,0.4214105793450882,3346,0.42976638674736023,7940,0.39801121876593576,3122,0.3956371247768402,7844,detect_bbox_fallback_after:none,aug_000057,1,1,1,1,4,val,aug_000057,ok
0.06568208317139526,169,0.06826421618461609,2573,0.48773597020675485,3798,0.4902885854244232,7787,0.46302129267985387,3675,0.4677252471446991,7937,0.3643522772017325,2776,0.36526837944984436,7619,detect_bbox_fallback_after:none,aug_000059,1,1,1,1,4,val,aug_000059,ok
0.036499377851513894,88,0.04052406921982765,2411,0.4491547131147541,3507,0.4498216211795807,7808,0.37980587419639483,3013,0.37919437885284424,7933,0.4885904289998696,3747,0.4930441975593567,7669,detect_bbox_fallback_after:none,aug_000062,1,1,1,1,4,val,aug_000062,ok
0.06507413509060955,158,0.06168762594461441,2428,0.31964261901586877,2397,0.3134743571281433,7499,0.26031384459630474,2057,0.2629522383213043,7902,0.5105431309904154,3995,0.5112988948822021,7825,detect_bbox_fallback_after:none,aug_000070,1,1,1,1,4,val,aug_000070,ok
0.063919259882254,152,0.05784189701080322,2378,0.5859144068885748,4559,0.5809856653213501,7781,0.3150984682713348,2448,0.30911046266555786,7769,0.5148040821469069,4086,0.5139318108558655,7937,detect_bbox_fallback_after:none,aug_000071,1,1,1,1,4,val,aug_000071,ok
0.09198209198209198,226,0.08829779922962189,2457,0.4399577724993402,3334,0.43427062034606934,7578,0.44733847515488684,3538,0.45544737577438354,7909,0.29864194306607467,2287,0.2932269871234894,7658,detect_bbox_fallback_after:none,aug_000086,1,1,1,1,4,val,aug_000086,ok
0.055887372013651876,131,0.05335002765059471,2344,0.43948126801152737,3355,0.43595385551452637,7634,0.2853018702146354,2273,0.28582093119621277,7967,0.41734839631216725,3214,0.4058568775653839,7701,detect_bbox_fallback_after:none,aug_000087,1,1,1,1,4,val,aug_000087,ok
0.05543800253914515,131,0.05723777040839195,2363,0.4263193968471556,3110,0.4306400418281555,7295,0.38870431893687707,3042,0.3895410895347595,7826,0.35842158345940495,2843,0.36029762029647827,7932,detect_bbox_fallback_after:none,aug_000107,1,1,1,1,4,val,aug_000107,ok
0.09828523630280217,235,0.09580060094594955,2391,0.3774587985114301,2840,0.38012903928756714,7524,0.4660545713177292,3604,0.4645404815673828,7733,0.43856402664692823,3555,0.42843759059906006,8106,detect_bbox_fallback_after:none,aug_000108,1,1,1,1,4,val,aug_000108,ok
0.04463157894736842,106,0.04793379455804825,2375,0.409652971679298,3081,0.4058718979358673,7521,0.44101792653879907,3518,0.442963570356369,7977,0.5648183075568968,4492,0.5613480806350708,7953,detect_bbox_fallback_after:none,aug_000114,1,1,1,1,4,val,aug_000114,ok
0.04586758978797058,106,0.045673806220293045,2311,0.46203208556149733,3456,0.45832428336143494,7480,0.5126007419726237,4007,0.5185189247131348,7817,0.3308298448657966,2687,0.32814568281173706,8122,detect_bbox_fallback_after:none,aug_000129,1,1,1,1,4,val,aug_000129,ok
0.04435318275154004,108,0.046007342636585236,2435,0.4249569479401245,3208,0.4248889684677124,7549,0.41076487252124644,3190,0.40292713046073914,7766,0.47921882824236356,3828,0.4727232754230499,7988,detect_bbox_fallback_after:none,aug_000139,1,1,1,1,4,val,aug_000139,ok
0.043914680050188205,105,0.04604976624250412,2391,0.48307896483078966,3640,0.4847227931022644,7535,0.5167366679394171,4060,0.5116929411888123,7857,0.4221996958945768,3332,0.4234723448753357,7892,detect_bbox_fallback_after:none,aug_000143,1,1,1,1,4,val,aug_000143,ok
0.06432501057977148,152,0.06385266780853271,2363,0.2625016235874789,2021,0.2620871961116791,7699,0.4486067297581493,3413,0.4492076337337494,7608,0.4852204408817635,3874,0.4894167184829712,7984,detect_bbox_fallback_after:none,aug_000150,1,1,1,1,4,val,aug_000150,ok
0.05168067226890756,123,0.049265503883361816,2380,0.3690397569673755,2794,0.3712218701839447,7571,0.47301504929942917,3646,0.48132452368736267,7708,0.3877707006369427,3044,0.3770679831504822,7850,detect_bbox_fallback_after:none,aug_000151,1,1,1,1,4,val,aug_000151,ok
0.03465553235908142,83,0.03484902158379555,2395,0.3436842105263158,2612,0.3499399423599243,7600,0.46134282807731436,3628,0.4606087803840637,7864,0.3974440086043275,3141,0.3933797776699066,7903,detect_bbox_fallback_after:none,aug_000154,1,1,1,1,4,val,aug_000154,ok
0.09343434343434344,222,0.0877649337053299,2376,0.5014538725878932,3794,0.5125854015350342,7566,0.33923723335488043,2624,0.3371792733669281,7735,0.45661051556916793,3578,0.4564656913280487,7836,detect_bbox_fallback_after:none,aug_000163,1,1,1,1,4,val,aug_000163,ok
0.10385878489326765,253,0.10470928251743317,2436,0.37856479639209445,2854,0.3823258578777313,7539,0.4540177995614601,3520,0.4488691985607147,7753,0.289385889039911,2342,0.2918282151222229,8093,detect_bbox_fallback_after:none,aug_000166,1,1,1,1,4,val,aug_000166,ok
0.06818181818181818,165,0.06621965020895004,2420,0.41839171974522293,3153,0.4173705279827118,7536,0.49654362853788964,3807,0.493895947933197,7667,0.4831917251570004,3924,0.4848710298538208,8121,detect_bbox_fallback_after:none,aug_000168,1,1,1,1,4,val,aug_000168,ok
0.043171440431714406,104,0.04770131781697273,2409,0.42384809454255745,3192,0.4283413589000702,7531,0.37309612184820173,2915,0.3686082363128662,7813,0.5068406384595896,4001,0.5100173354148865,7894,detect_bbox_fallback_after:none,aug_000173,1,1,1,1,4,val,aug_000173,ok
0.13327848621966268,324,0.1230081245303154,2431,0.4431424766977364,3328,0.4393763542175293,7510,0.376741214057508,2948,0.373432457447052,7825,0.3644461171747585,2905,0.3618117570877075,7971,detect_bbox_fallback_after:none,aug_000181,1,1,1,1,4,val,aug_000181,ok
0.03296703296703297,78,0.03522958979010582,2366,0.5104042412193506,3851,0.5149602293968201,7545,0.44085740426088094,3373,0.43776652216911316,7651,0.29590539165818924,2327,0.3017932176589966,7864,detect_bbox_fallback_after:none,aug_000185,1,1,1,1,4,val,aug_000185,ok
0.050590219224283306,120,0.053922608494758606,2372,0.4533210088472204,3433,0.45100635290145874,7573,0.35942827170207187,2741,0.35076552629470825,7626,0.3654355225009454,2899,0.3671167492866516,7933,detect_bbox_fallback_after:none,aug_000188,1,1,1,1,4,val,aug_000188,ok
0.02683982683982684,62,0.030478738248348236,2310,0.41599688877365826,3209,0.40969738364219666,7714,0.36748704663212434,2837,0.36783233284950256,7720,0.2772227772227772,2220,0.27987197041511536,8008,detect_bbox_fallback_after:none,aug_000189,1,1,1,1,4,val,aug_000189,ok
0.03994845360824742,93,0.03956911340355873,2328,0.33113890717577354,2515,0.33786460757255554,7595,0.4880568108457069,3780,0.4879060685634613,7745,0.4347770862441255,3423,0.4333874583244324,7873,detect_bbox_fallback_after:none,aug_000191,1,1,1,1,4,val,aug_000191,ok
0.035238504512247526,82,0.031547412276268005,2327,0.42576243980738365,3183,0.4125005304813385,7476,0.3405991077119184,2672,0.3404935300350189,7845,0.3885342345725372,3104,0.388582706451416,7989,detect_bbox_fallback_after:none,aug_000197,1,1,1,1,4,val,aug_000197,ok
