aug_idx,classes,cls0_aspect,cls0_visible_px,cls1_aspect,cls1_visible_px,cls2_aspect,cls2_visible_px,cls3_aspect,cls3_visible_px,n_labels,output,repair_msg,source,split,square_repaired
0,0 1 2 3,1.0084,373,3.1182,9301,3.1182,9328,3.1335,9079,4,aug_000085_train_qcgen00,class0_ok,aug_000085,train,False
1,0 1 2 3,1.0084,390,3.1182,9239,3.1182,9254,3.1335,9038,4,aug_000085_train_qcgen01,class0_ok,aug_000085,train,False
2,0 1 2 3,1.0084,383,3.1182,9193,3.1182,9252,3.1335,9118,4,aug_000085_train_qcgen02,class0_ok,aug_000085,train,False
3,0 1 2 3,1.0084,402,3.1182,9241,3.1182,9315,3.1335,9064,4,aug_000085_train_qcgen03,class0_ok,aug_000085,train,False
0,0 1 2 3,1.0173,246,3.0887,5782,3.0776,5871,3.0733,5932,4,aug_000150_train_qcgen00,class0_ok,aug_000150,train,False
1,0 1 2 3,1.0173,243,3.0887,5814,3.0776,5789,3.0733,5883,4,aug_000150_train_qcgen01,class0_ok,aug_000150,train,False
2,0 1 2 3,1.0173,243,3.0887,5811,3.0776,5894,3.0733,5922,4,aug_000150_train_qcgen02,class0_ok,aug_000150,train,False
3,0 1 2 3,1.0173,234,3.0887,5850,3.0776,5812,3.0733,5902,4,aug_000150_train_qcgen03,class0_ok,aug_000150,train,False
0,0 1 2 3,1.0048,275,3.0802,6882,3.0802,6945,3.0625,6854,4,aug_000125_train_qcgen00,class0_ok,aug_000125,train,False
1,0 1 2 3,1.0048,278,3.0802,6893,3.0802,6947,3.0625,6926,4,aug_000125_train_qcgen01,class0_ok,aug_000125,train,False
2,0 1 2 3,1.0048,279,3.0802,6964,3.0802,6951,3.0625,6904,4,aug_000125_train_qcgen02,class0_ok,aug_000125,train,False
3,0 1 2 3,1.0048,275,3.0802,6931,3.0802,6887,3.0625,6925,4,aug_000125_train_qcgen03,class0_ok,aug_000125,train,False
0,0 1 2 3,1.0072,260,3.0493,6191,1.5085,6099,3.0658,6222,4,aug_000173_train_qcgen00,class0_ok,aug_000173,train,False
1,0 1 2 3,1.0072,271,3.0493,6193,1.5085,6109,3.0658,6246,4,aug_000173_train_qcgen01,class0_ok,aug_000173,train,False
2,0 1 2 3,1.0072,266,3.0493,6153,1.5085,6062,3.0658,6284,4,aug_000173_train_qcgen02,class0_ok,aug_000173,train,False
3,0 1 2 3,1.0072,262,3.0493,6269,1.5085,6107,3.0658,6289,4,aug_000173_train_qcgen03,class0_ok,aug_000173,train,False
0,0 1 2 3,1.0118,243,3.08,5897,3.0478,5984,3.0689,5983,4,aug_000136_train_qcgen00,class0_ok,aug_000136,train,False
1,0 1 2 3,1.0118,235,3.08,5890,3.0478,5967,3.0689,5968,4,aug_000136_train_qcgen01,class0_ok,aug_000136,train,False
2,0 1 2 3,1.0118,253,3.08,5912,3.0478,6015,3.0689,6021,4,aug_000136_train_qcgen02,class0_ok,aug_000136,train,False
3,0 1 2 3,1.0118,246,3.08,5917,3.0478,6071,3.0689,5986,4,aug_000136_train_qcgen03,class0_ok,aug_000136,train,False
0,0 1 2 3,1.0136,353,3.1246,8511,3.1246,8478,3.1855,8407,4,aug_000148_train_qcgen00,class0_ok,aug_000148,train,False
1,0 1 2 3,1.0136,350,3.1246,8423,3.1246,8405,3.1855,8270,4,aug_000148_train_qcgen01,class0_ok,aug_000148,train,False
2,0 1 2 3,1.0136,353,3.1246,8424,3.1246,8437,3.1855,8298,4,aug_000148_train_qcgen02,class0_ok,aug_000148,train,False
3,0 1 2 3,1.0136,347,3.1246,8417,3.1246,8434,3.1855,8353,4,aug_000148_train_qcgen03,class0_ok,aug_000148,train,False
0,0 1 2 3,1.6359,369,3.0747,5346,3.0747,5382,3.0794,5438,4,aug_000017_train_qcgen00,class0_ok,aug_000017,train,False
1,0 1 2 3,1.6359,370,3.0747,5344,3.0747,5299,3.0794,5453,4,aug_000017_train_qcgen01,class0_ok,aug_000017,train,False
2,0 1 2 3,1.6359,358,3.0747,5358,3.0747,5388,3.0794,5498,4,aug_000017_train_qcgen02,class0_ok,aug_000017,train,False
3,0 1 2 3,1.6359,359,3.0747,5339,3.0747,5336,3.0794,5407,4,aug_000017_train_qcgen03,class0_ok,aug_000017,train,False
0,0 1 2 3,1.6622,350,3.0747,5335,3.0747,5299,3.065,5357,4,aug_000003_train_qcgen00,class0_ok,aug_000003,train,False
1,0 1 2 3,1.6622,355,3.0747,5295,3.0747,5284,3.065,5437,4,aug_000003_train_qcgen01,class0_ok,aug_000003,train,False
2,0 1 2 3,1.6622,354,3.0747,5288,3.0747,5331,3.065,5386,4,aug_000003_train_qcgen02,class0_ok,aug_000003,train,False
3,0 1 2 3,1.6622,355,3.0747,5375,3.0747,5358,3.065,5378,4,aug_000003_train_qcgen03,class0_ok,aug_000003,train,False
0,0 1 2 3,1.0192,263,3.1088,6132,1.4746,6039,3.0731,6149,4,aug_000083_train_qcgen00,class0_ok,aug_000083,train,False
1,0 1 2 3,1.0192,267,3.1088,6121,1.4746,6082,3.0731,6224,4,aug_000083_train_qcgen01,class0_ok,aug_000083,train,False
2,0 1 2 3,1.0192,249,3.1088,6068,1.4746,6049,3.0731,6250,4,aug_000083_train_qcgen02,class0_ok,aug_000083,train,False
3,0 1 2 3,1.0192,278,3.1088,6101,1.4746,6051,3.0731,6134,4,aug_000083_train_qcgen03,class0_ok,aug_000083,train,False
0,0 1 2 3,1.0106,248,3.0881,6151,1.46,6018,3.0482,6192,4,aug_000060_train_qcgen00,class0_ok,aug_000060,train,False
1,0 1 2 3,1.0106,260,3.0881,6123,1.46,6024,3.0482,6175,4,aug_000060_train_qcgen01,class0_ok,aug_000060,train,False
2,0 1 2 3,1.0106,245,3.0881,6107,1.46,5994,3.0482,6168,4,aug_000060_train_qcgen02,class0_ok,aug_000060,train,False
3,0 1 2 3,1.0106,252,3.0881,6125,1.46,6037,3.0482,6177,4,aug_000060_train_qcgen03,class0_ok,aug_000060,train,False
0,0 1 2 3,1.586,352,3.034,5446,3.1055,5386,3.0739,5536,4,aug_000169_train_qcgen00,class0_ok,aug_000169,train,False
1,0 1 2 3,1.586,344,3.034,5440,3.1055,5353,3.0739,5534,4,aug_000169_train_qcgen01,class0_ok,aug_000169,train,False
2,0 1 2 3,1.586,368,3.034,5428,3.1055,5396,3.0739,5502,4,aug_000169_train_qcgen02,class0_ok,aug_000169,train,False
3,0 1 2 3,1.586,348,3.034,5421,3.1055,5357,3.0739,5504,4,aug_000169_train_qcgen03,class0_ok,aug_000169,train,False
0,0 1 2 3,1.6818,370,3.0756,5314,3.0756,5335,3.0871,5352,4,aug_000040_train_qcgen00,class0_ok,aug_000040,train,False
1,0 1 2 3,1.6818,360,3.0756,5354,3.0756,5374,3.0871,5378,4,aug_000040_train_qcgen01,class0_ok,aug_000040,train,False
2,0 1 2 3,1.6818,361,3.0756,5343,3.0756,5294,3.0871,5395,4,aug_000040_train_qcgen02,class0_ok,aug_000040,train,False
3,0 1 2 3,1.6818,375,3.0756,5355,3.0756,5334,3.0871,5406,4,aug_000040_train_qcgen03,class0_ok,aug_000040,train,False
0,0 1 2 3,1.0192,250,3.0865,5699,3.1262,5713,3.0856,5743,4,aug_000158_train_qcgen00,class0_ok,aug_000158,train,False
1,0 1 2 3,1.0192,251,3.0865,5739,3.1262,5740,3.0856,5861,4,aug_000158_train_qcgen01,class0_ok,aug_000158,train,False
2,0 1 2 3,1.0192,240,3.0865,5713,3.1262,5674,3.0856,5747,4,aug_000158_train_qcgen02,class0_ok,aug_000158,train,False
3,0 1 2 3,1.0192,243,3.0865,5741,3.1262,5727,3.0856,5784,4,aug_000158_train_qcgen03,class0_ok,aug_000158,train,False
0,0 1 2 3,1.0124,267,3.063,6752,3.1184,6712,3.0676,6762,4,aug_000097_train_qcgen00,class0_ok,aug_000097,train,False
1,0 1 2 3,1.0124,264,3.063,6791,3.1184,6721,3.0676,6743,4,aug_000097_train_qcgen01,class0_ok,aug_000097,train,False
2,0 1 2 3,1.0124,283,3.063,6757,3.1184,6723,3.0676,6802,4,aug_000097_train_qcgen02,class0_ok,aug_000097,train,False
3,0 1 2 3,1.0124,288,3.063,6792,3.1184,6730,3.0676,6761,4,aug_000097_train_qcgen03,class0_ok,aug_000097,train,False
0,0 1 2 3,1.0,243,3.0892,5942,3.0981,6020,3.0856,6057,4,aug_000198_train_qcgen00,class0_ok,aug_000198,train,False
1,0 1 2 3,1.0,241,3.0892,5968,3.0981,5943,3.0856,6017,4,aug_000198_train_qcgen01,class0_ok,aug_000198,train,False
2,0 1 2 3,1.0,246,3.0892,5916,3.0981,5947,3.0856,6038,4,aug_000198_train_qcgen02,class0_ok,aug_000198,train,False
3,0 1 2 3,1.0,238,3.0892,5953,3.0981,6012,3.0856,6004,4,aug_000198_train_qcgen03,class0_ok,aug_000198,train,False
0,0 1 2 3,1.0,252,3.0448,6457,3.0639,6326,3.0716,6255,4,aug_000028_train_qcgen00,class0_ok,aug_000028,train,False
1,0 1 2 3,1.0,249,3.0448,6434,3.0639,6296,3.0716,6301,4,aug_000028_train_qcgen01,class0_ok,aug_000028,train,False
2,0 1 2 3,1.0,262,3.0448,6458,3.0639,6375,3.0716,6298,4,aug_000028_train_qcgen02,class0_ok,aug_000028,train,False
3,0 1 2 3,1.0,238,3.0448,6399,3.0639,6354,3.0716,6261,4,aug_000028_train_qcgen03,class0_ok,aug_000028,train,False
0,0 1 2 3,1.0127,362,3.0876,9122,3.1429,9048,3.1423,8855,4,aug_000061_train_qcgen00,class0_ok,aug_000061,train,False
1,0 1 2 3,1.0127,355,3.0876,9169,3.1429,8984,3.1423,8789,4,aug_000061_train_qcgen01,class0_ok,aug_000061,train,False
2,0 1 2 3,1.0127,372,3.0876,9149,3.1429,9047,3.1423,8848,4,aug_000061_train_qcgen02,class0_ok,aug_000061,train,False
3,0 1 2 3,1.0127,372,3.0876,9137,3.1429,9003,3.1423,8906,4,aug_000061_train_qcgen03,class0_ok,aug_000061,train,False
0,0 1 2 3,1.0089,384,3.1361,9236,3.1266,9270,3.1813,8988,4,aug_000160_train_qcgen00,class0_ok,aug_000160,train,False
1,0 1 2 3,1.0089,372,3.1361,9173,3.1266,9220,3.1813,9010,4,aug_000160_train_qcgen01,class0_ok,aug_000160,train,False
2,0 1 2 3,1.0089,388,3.1361,9206,3.1266,9215,3.1813,9041,4,aug_000160_train_qcgen02,class0_ok,aug_000160,train,False
3,0 1 2 3,1.0089,389,3.1361,9257,3.1266,9242,3.1813,9050,4,aug_000160_train_qcgen03,class0_ok,aug_000160,train,False
0,0 1 2 3,1.6109,365,3.0812,5475,3.0812,5482,3.0768,5520,4,aug_000041_train_qcgen00,class0_ok,aug_000041,train,False
1,0 1 2 3,1.6109,364,3.0812,5521,3.0812,5478,3.0768,5479,4,aug_000041_train_qcgen01,class0_ok,aug_000041,train,False
2,0 1 2 3,1.6109,351,3.0812,5428,3.0812,5452,3.0768,5507,4,aug_000041_train_qcgen02,class0_ok,aug_000041,train,False
3,0 1 2 3,1.6109,359,3.0812,5462,3.0812,5478,3.0768,5506,4,aug_000041_train_qcgen03,class0_ok,aug_000041,train,False
0,0 1 2 3,1.0196,219,3.1165,5686,3.0962,5716,3.0473,5852,4,aug_000004_train_qcgen00,class0_ok,aug_000004,train,False
1,0 1 2 3,1.0196,218,3.1165,5677,3.0962,5760,3.0473,5805,4,aug_000004_train_qcgen01,class0_ok,aug_000004,train,False
2,0 1 2 3,1.0196,231,3.1165,5630,3.0962,5740,3.0473,5824,4,aug_000004_train_qcgen02,class0_ok,aug_000004,train,False
3,0 1 2 3,1.0196,216,3.1165,5626,3.0962,5788,3.0473,5753,4,aug_000004_train_qcgen03,class0_ok,aug_000004,train,False
0,0 1 2 3,1.0,273,3.1038,6931,3.0637,7000,3.0645,6925,4,aug_000199_train_qcgen00,class0_ok,aug_000199,train,False
1,0 1 2 3,1.0,280,3.1038,6859,3.0637,6939,3.0645,7007,4,aug_000199_train_qcgen01,class0_ok,aug_000199,train,False
2,0 1 2 3,1.0,264,3.1038,6866,3.0637,6987,3.0645,7008,4,aug_000199_train_qcgen02,class0_ok,aug_000199,train,False
3,0 1 2 3,1.0,260,3.1038,6832,3.0637,7076,3.0645,6982,4,aug_000199_train_qcgen03,class0_ok,aug_000199,train,False
0,0 1 2 3,1.6398,342,3.0996,5362,3.0748,5330,3.0669,5395,4,aug_000019_train_qcgen00,class0_ok,aug_000019,train,False
1,0 1 2 3,1.6398,340,3.0996,5346,3.0748,5419,3.0669,5430,4,aug_000019_train_qcgen01,class0_ok,aug_000019,train,False
2,0 1 2 3,1.6398,347,3.0996,5384,3.0748,5386,3.0669,5432,4,aug_000019_train_qcgen02,class0_ok,aug_000019,train,False
3,0 1 2 3,1.6398,345,3.0996,5389,3.0748,5361,3.0669,5436,4,aug_000019_train_qcgen03,class0_ok,aug_000019,train,False
0,0 1 2 3,1.0073,290,3.1123,6497,3.0984,6519,3.07,6601,4,aug_000054_train_qcgen00,class0_ok,aug_000054,train,False
1,0 1 2 3,1.0073,295,3.1123,6534,3.0984,6595,3.07,6596,4,aug_000054_train_qcgen01,class0_ok,aug_000054,train,False
2,0 1 2 3,1.0073,293,3.1123,6562,3.0984,6487,3.07,6619,4,aug_000054_train_qcgen02,class0_ok,aug_000054,train,False
3,0 1 2 3,1.0073,290,3.1123,6561,3.0984,6505,3.07,6628,4,aug_000054_train_qcgen03,class0_ok,aug_000054,train,False
0,0 1 2 3,1.699,353,3.0937,5253,3.0929,5225,3.0188,5401,4,aug_000156_train_qcgen00,class0_ok,aug_000156,train,False
1,0 1 2 3,1.699,342,3.0937,5295,3.0929,5269,3.0188,5449,4,aug_000156_train_qcgen01,class0_ok,aug_000156,train,False
2,0 1 2 3,1.699,348,3.0937,5230,3.0929,5286,3.0188,5421,4,aug_000156_train_qcgen02,class0_ok,aug_000156,train,False
3,0 1 2 3,1.699,346,3.0937,5232,3.0929,5255,3.0188,5438,4,aug_000156_train_qcgen03,class0_ok,aug_000156,train,False
0,0 1 2 3,1.6611,333,3.0323,5225,3.0762,5170,3.0075,5372,4,aug_000143_train_qcgen00,class0_ok,aug_000143,train,False
1,0 1 2 3,1.6611,344,3.0323,5224,3.0762,5158,3.0075,5335,4,aug_000143_train_qcgen01,class0_ok,aug_000143,train,False
2,0 1 2 3,1.6611,338,3.0323,5254,3.0762,5221,3.0075,5389,4,aug_000143_train_qcgen02,class0_ok,aug_000143,train,False
3,0 1 2 3,1.6611,358,3.0323,5267,3.0762,5150,3.0075,5339,4,aug_000143_train_qcgen03,class0_ok,aug_000143,train,False
0,0 1 2 3,1.0086,239,3.0741,5989,3.0741,6002,3.0535,6097,4,aug_000007_train_qcgen00,class0_ok,aug_000007,train,False
1,0 1 2 3,1.0086,243,3.0741,5967,3.0741,5964,3.0535,6039,4,aug_000007_train_qcgen01,class0_ok,aug_000007,train,False
2,0 1 2 3,1.0086,232,3.0741,5976,3.0741,5972,3.0535,6046,4,aug_000007_train_qcgen02,class0_ok,aug_000007,train,False
3,0 1 2 3,1.0086,244,3.0741,5992,3.0741,6035,3.0535,6024,4,aug_000007_train_qcgen03,class0_ok,aug_000007,train,False
0,0 1 2 3,1.6396,340,3.0823,5186,3.1339,5121,3.0148,5369,4,aug_000064_train_qcgen00,class0_ok,aug_000064,train,False
1,0 1 2 3,1.6396,355,3.0823,5159,3.1339,5113,3.0148,5348,4,aug_000064_train_qcgen01,class0_ok,aug_000064,train,False
2,0 1 2 3,1.6396,346,3.0823,5133,3.1339,5100,3.0148,5374,4,aug_000064_train_qcgen02,class0_ok,aug_000064,train,False
3,0 1 2 3,1.6396,330,3.0823,5152,3.1339,5140,3.0148,5381,4,aug_000064_train_qcgen03,class0_ok,aug_000064,train,False
0,0 1 2 3,1.0,278,3.0905,6920,3.0905,6985,3.0687,6953,4,aug_000135_train_qcgen00,class0_ok,aug_000135,train,False
1,0 1 2 3,1.0,292,3.0905,6898,3.0905,6952,3.0687,6883,4,aug_000135_train_qcgen01,class0_ok,aug_000135,train,False
2,0 1 2 3,1.0,282,3.0905,6901,3.0905,6920,3.0687,6952,4,aug_000135_train_qcgen02,class0_ok,aug_000135,train,False
3,0 1 2 3,1.0,280,3.0905,6910,3.0905,6917,3.0687,6939,4,aug_000135_train_qcgen03,class0_ok,aug_000135,train,False
0,0 1 2 3,1.0,291,3.028,6609,3.0867,6565,3.0683,6551,4,aug_000009_train_qcgen00,class0_ok,aug_000009,train,False
1,0 1 2 3,1.0,268,3.028,6600,3.0867,6541,3.0683,6540,4,aug_000009_train_qcgen01,class0_ok,aug_000009,train,False
2,0 1 2 3,1.0,280,3.028,6669,3.0867,6613,3.0683,6524,4,aug_000009_train_qcgen02,class0_ok,aug_000009,train,False
3,0 1 2 3,1.0,282,3.028,6648,3.0867,6637,3.0683,6559,4,aug_000009_train_qcgen03,class0_ok,aug_000009,train,False
0,0 1 2 3,1.7213,339,3.1307,5114,3.0962,5163,3.0676,5317,4,aug_000181_train_qcgen00,class0_ok,aug_000181,train,False
1,0 1 2 3,1.7213,348,3.1307,5072,3.0962,5162,3.0676,5286,4,aug_000181_train_qcgen01,class0_ok,aug_000181,train,False
2,0 1 2 3,1.7213,342,3.1307,5115,3.0962,5166,3.0676,5278,4,aug_000181_train_qcgen02,class0_ok,aug_000181,train,False
3,0 1 2 3,1.7213,354,3.1307,5102,3.0962,5139,3.0676,5295,4,aug_000181_train_qcgen03,class0_ok,aug_000181,train,False
0,0 1 2 3,1.0,237,3.0741,6049,3.0892,5923,3.0618,6040,4,aug_000048_train_qcgen00,class0_ok,aug_000048,train,False
1,0 1 2 3,1.0,255,3.0741,6023,3.0892,5920,3.0618,6031,4,aug_000048_train_qcgen01,class0_ok,aug_000048,train,False
2,0 1 2 3,1.0,233,3.0741,5929,3.0892,5955,3.0618,6025,4,aug_000048_train_qcgen02,class0_ok,aug_000048,train,False
3,0 1 2 3,1.0,232,3.0741,5983,3.0892,5978,3.0618,6050,4,aug_000048_train_qcgen03,class0_ok,aug_000048,train,False
0,0 1 2 3,1.0164,231,3.0864,5897,3.0697,5864,3.0614,5924,4,aug_000149_train_qcgen00,class0_ok,aug_000149,train,False
1,0 1 2 3,1.0164,239,3.0864,5901,3.0697,5930,3.0614,5901,4,aug_000149_train_qcgen01,class0_ok,aug_000149,train,False
2,0 1 2 3,1.0164,236,3.0864,5907,3.0697,5771,3.0614,5911,4,aug_000149_train_qcgen02,class0_ok,aug_000149,train,False
3,0 1 2 3,1.0164,243,3.0864,5901,3.0697,5884,3.0614,5898,4,aug_000149_train_qcgen03,class0_ok,aug_000149,train,False
0,0 1 2 3,1.0,249,3.076,6476,3.044,6431,3.1091,6393,4,aug_000016_train_qcgen00,class0_ok,aug_000016,train,False
1,0 1 2 3,1.0,246,3.076,6482,3.044,6523,3.1091,6423,4,aug_000016_train_qcgen01,class0_ok,aug_000016,train,False
2,0 1 2 3,1.0,256,3.076,6444,3.044,6412,3.1091,6395,4,aug_000016_train_qcgen02,class0_ok,aug_000016,train,False
3,0 1 2 3,1.0,254,3.076,6517,3.044,6484,3.1091,6397,4,aug_000016_train_qcgen03,class0_ok,aug_000016,train,False
0,0 1 2 3,1.0047,311,3.081,7090,3.0882,7067,3.1276,6967,4,aug_000047_train_qcgen00,class0_ok,aug_000047,train,False
1,0 1 2 3,1.0047,307,3.081,7217,3.0882,6999,3.1276,7057,4,aug_000047_train_qcgen01,class0_ok,aug_000047,train,False
2,0 1 2 3,1.0047,312,3.081,7122,3.0882,7026,3.1276,7050,4,aug_000047_train_qcgen02,class0_ok,aug_000047,train,False
3,0 1 2 3,1.0047,300,3.081,7175,3.0882,7013,3.1276,7092,4,aug_000047_train_qcgen03,class0_ok,aug_000047,train,False
0,0 1 2 3,1.0086,237,3.1235,5825,3.0478,5973,3.101,5888,4,aug_000192_train_qcgen00,class0_ok,aug_000192,train,False
1,0 1 2 3,1.0086,236,3.1235,5837,3.0478,6034,3.101,5895,4,aug_000192_train_qcgen01,class0_ok,aug_000192,train,False
2,0 1 2 3,1.0086,253,3.1235,5808,3.0478,6069,3.101,5858,4,aug_000192_train_qcgen02,class0_ok,aug_000192,train,False
3,0 1 2 3,1.0086,242,3.1235,5823,3.0478,6040,3.101,5900,4,aug_000192_train_qcgen03,class0_ok,aug_000192,train,False
0,0 1 2 3,1.0,237,3.0923,6051,3.0571,6018,3.0654,5949,4,aug_000090_train_qcgen00,class0_ok,aug_000090,train,False
1,0 1 2 3,1.0,244,3.0923,5954,3.0571,6014,3.0654,5976,4,aug_000090_train_qcgen01,class0_ok,aug_000090,train,False
2,0 1 2 3,1.0,228,3.0923,6026,3.0571,6029,3.0654,5992,4,aug_000090_train_qcgen02,class0_ok,aug_000090,train,False
3,0 1 2 3,1.0,232,3.0923,6028,3.0571,6084,3.0654,5992,4,aug_000090_train_qcgen03,class0_ok,aug_000090,train,False
0,0 1 2 3,1.0096,219,3.0776,5848,3.0992,5906,3.0649,5835,4,aug_000080_train_qcgen00,class0_ok,aug_000080,train,False
1,0 1 2 3,1.0096,223,3.0776,5860,3.0992,5910,3.0649,5907,4,aug_000080_train_qcgen01,class0_ok,aug_000080,train,False
2,0 1 2 3,1.0096,235,3.0776,5865,3.0992,5889,3.0649,5881,4,aug_000080_train_qcgen02,class0_ok,aug_000080,train,False
3,0 1 2 3,1.0096,233,3.0776,5827,3.0992,5920,3.0649,5911,4,aug_000080_train_qcgen03,class0_ok,aug_000080,train,False
0,0 1 2 3,1.0133,358,3.0959,8547,3.0887,8548,3.15,8403,4,aug_000185_train_qcgen00,class0_ok,aug_000185,train,False
1,0 1 2 3,1.0133,343,3.0959,8591,3.0887,8578,3.15,8404,4,aug_000185_train_qcgen01,class0_ok,aug_000185,train,False
2,0 1 2 3,1.0133,354,3.0959,8596,3.0887,8583,3.15,8421,4,aug_000185_train_qcgen02,class0_ok,aug_000185,train,False
3,0 1 2 3,1.0133,359,3.0959,8619,3.0887,8560,3.15,8369,4,aug_000185_train_qcgen03,class0_ok,aug_000185,train,False
0,0 1 2 3,1.0152,252,3.0733,6395,3.0733,6413,3.1219,6282,4,aug_000043_train_qcgen00,class0_ok,aug_000043,train,False
1,0 1 2 3,1.0152,244,3.0733,6463,3.0733,6356,3.1219,6253,4,aug_000043_train_qcgen01,class0_ok,aug_000043,train,False
2,0 1 2 3,1.0152,247,3.0733,6437,3.0733,6401,3.1219,6279,4,aug_000043_train_qcgen02,class0_ok,aug_000043,train,False
3,0 1 2 3,1.0152,259,3.0733,6452,3.0733,6426,3.1219,6276,4,aug_000043_train_qcgen03,class0_ok,aug_000043,train,False
0,0 1 2 3,1.5852,344,3.034,5475,3.1055,5415,3.0576,5472,4,aug_000055_train_qcgen00,class0_ok,aug_000055,train,False
1,0 1 2 3,1.5852,351,3.034,5501,3.1055,5374,3.0576,5440,4,aug_000055_train_qcgen01,class0_ok,aug_000055,train,False
2,0 1 2 3,1.5852,354,3.034,5413,3.1055,5351,3.0576,5448,4,aug_000055_train_qcgen02,class0_ok,aug_000055,train,False
3,0 1 2 3,1.5852,350,3.034,5471,3.1055,5386,3.0576,5467,4,aug_000055_train_qcgen03,class0_ok,aug_000055,train,False
0,0 1 2 3,1.0119,246,3.0776,5910,3.1047,5838,3.0649,5939,4,aug_000050_train_qcgen00,class0_ok,aug_000050,train,False
1,0 1 2 3,1.0119,251,3.0776,5890,3.1047,5891,3.0649,5889,4,aug_000050_train_qcgen01,class0_ok,aug_000050,train,False
2,0 1 2 3,1.0119,241,3.0776,5888,3.1047,5856,3.0649,5908,4,aug_000050_train_qcgen02,class0_ok,aug_000050,train,False
3,0 1 2 3,1.0119,246,3.0776,5901,3.1047,5871,3.0649,5857,4,aug_000050_train_qcgen03,class0_ok,aug_000050,train,False
0,0 1 2 3,1.0,368,3.0559,8493,3.1238,8530,3.1677,8302,4,aug_000079_train_qcgen00,class0_ok,aug_000079,train,False
1,0 1 2 3,1.0,349,3.0559,8496,3.1238,8528,3.1677,8231,4,aug_000079_train_qcgen01,class0_ok,aug_000079,train,False
2,0 1 2 3,1.0,357,3.0559,8543,3.1238,8477,3.1677,8290,4,aug_000079_train_qcgen02,class0_ok,aug_000079,train,False
3,0 1 2 3,1.0,355,3.0559,8558,3.1238,8502,3.1677,8291,4,aug_000079_train_qcgen03,class0_ok,aug_000079,train,False
0,0 1 2 3,1.6278,350,3.0451,5549,3.0736,5530,3.0852,5525,4,aug_000014_train_qcgen00,class0_ok,aug_000014,train,False
1,0 1 2 3,1.6278,355,3.0451,5540,3.0736,5520,3.0852,5539,4,aug_000014_train_qcgen01,class0_ok,aug_000014,train,False
2,0 1 2 3,1.6278,367,3.0451,5486,3.0736,5545,3.0852,5553,4,aug_000014_train_qcgen02,class0_ok,aug_000014,train,False
3,0 1 2 3,1.6278,351,3.0451,5541,3.0736,5571,3.0852,5549,4,aug_000014_train_qcgen03,class0_ok,aug_000014,train,False
0,0 1 2 3,1.0,276,3.0802,6920,3.0802,6920,3.1038,6846,4,aug_000178_train_qcgen00,class0_ok,aug_000178,train,False
1,0 1 2 3,1.0,272,3.0802,6924,3.0802,6882,3.1038,6820,4,aug_000178_train_qcgen01,class0_ok,aug_000178,train,False
2,0 1 2 3,1.0,273,3.0802,6869,3.0802,6892,3.1038,6812,4,aug_000178_train_qcgen02,class0_ok,aug_000178,train,False
3,0 1 2 3,1.0,269,3.0802,6914,3.0802,6946,3.1038,6881,4,aug_000178_train_qcgen03,class0_ok,aug_000178,train,False
0,0 1 2 3,1.0157,338,3.1278,7966,3.0885,8092,3.1518,7949,4,aug_000001_train_qcgen00,class0_ok,aug_000001,train,False
1,0 1 2 3,1.0157,330,3.1278,8002,3.0885,8131,3.1518,7955,4,aug_000001_train_qcgen01,class0_ok,aug_000001,train,False
2,0 1 2 3,1.0157,308,3.1278,7977,3.0885,8110,3.1518,7896,4,aug_000001_train_qcgen02,class0_ok,aug_000001,train,False
3,0 1 2 3,1.0157,320,3.1278,8110,3.0885,8066,3.1518,7935,4,aug_000001_train_qcgen03,class0_ok,aug_000001,train,False
0,0 1 2 3,1.6325,366,3.0509,5369,3.0758,5255,3.0094,5510,4,aug_000069_train_qcgen00,class0_ok,aug_000069,train,False
1,0 1 2 3,1.6325,359,3.0509,5434,3.0758,5275,3.0094,5453,4,aug_000069_train_qcgen01,class0_ok,aug_000069,train,False
2,0 1 2 3,1.6325,361,3.0509,5325,3.0758,5319,3.0094,5472,4,aug_000069_train_qcgen02,class0_ok,aug_000069,train,False
3,0 1 2 3,1.6325,358,3.0509,5374,3.0758,5297,3.0094,5513,4,aug_000069_train_qcgen03,class0_ok,aug_000069,train,False
0,0 1 2 3,1.0172,302,3.103,7112,3.1121,7078,3.083,7140,4,aug_000155_train_qcgen00,class0_ok,aug_000155,train,False
1,0 1 2 3,1.0172,309,3.103,7076,3.1121,7117,3.083,7170,4,aug_000155_train_qcgen01,class0_ok,aug_000155,train,False
2,0 1 2 3,1.0172,300,3.103,7115,3.1121,7089,3.083,7083,4,aug_000155_train_qcgen02,class0_ok,aug_000155,train,False
3,0 1 2 3,1.0172,305,3.103,7105,3.1121,7079,3.083,7131,4,aug_000155_train_qcgen03,class0_ok,aug_000155,train,False
0,0 1 2 3,1.5956,370,3.0741,5371,3.0741,5385,3.0665,5443,4,aug_000131_train_qcgen00,class0_ok,aug_000131,train,False
1,0 1 2 3,1.5956,364,3.0741,5376,3.0741,5459,3.0665,5460,4,aug_000131_train_qcgen01,class0_ok,aug_000131,train,False
2,0 1 2 3,1.5956,353,3.0741,5353,3.0741,5359,3.0665,5431,4,aug_000131_train_qcgen02,class0_ok,aug_000131,train,False
3,0 1 2 3,1.5956,351,3.0741,5384,3.0741,5308,3.0665,5453,4,aug_000131_train_qcgen03,class0_ok,aug_000131,train,False
0,0 1 2 3,1.0048,280,3.1118,7524,3.1059,7511,3.1236,7451,4,aug_000094_train_qcgen00,class0_ok,aug_000094,train,False
1,0 1 2 3,1.0048,301,3.1118,7502,3.1059,7507,3.1236,7380,4,aug_000094_train_qcgen01,class0_ok,aug_000094,train,False
2,0 1 2 3,1.0048,298,3.1118,7543,3.1059,7569,3.1236,7373,4,aug_000094_train_qcgen02,class0_ok,aug_000094,train,False
3,0 1 2 3,1.0048,298,3.1118,7519,3.1059,7468,3.1236,7381,4,aug_000094_train_qcgen03,class0_ok,aug_000094,train,False
0,0 1 2 3,1.6186,345,3.0747,5330,3.0747,5365,3.0794,5471,4,aug_000138_train_qcgen00,class0_ok,aug_000138,train,False
1,0 1 2 3,1.6186,353,3.0747,5295,3.0747,5320,3.0794,5445,4,aug_000138_train_qcgen01,class0_ok,aug_000138,train,False
2,0 1 2 3,1.6186,357,3.0747,5344,3.0747,5352,3.0794,5440,4,aug_000138_train_qcgen02,class0_ok,aug_000138,train,False
3,0 1 2 3,1.6186,361,3.0747,5362,3.0747,5312,3.0794,5410,4,aug_000138_train_qcgen03,class0_ok,aug_000138,train,False
0,0 1 2 3,1.0054,255,3.0431,6037,3.0485,6074,3.0965,6105,4,aug_000119_train_qcgen00,class0_ok,aug_000119,train,False
1,0 1 2 3,1.0054,255,3.0431,6014,3.0485,6107,3.0965,6070,4,aug_000119_train_qcgen01,class0_ok,aug_000119,train,False
2,0 1 2 3,1.0054,245,3.0431,6040,3.0485,6045,3.0965,6026,4,aug_000119_train_qcgen02,class0_ok,aug_000119,train,False
3,0 1 2 3,1.0054,245,3.0431,6078,3.0485,6122,3.0965,6044,4,aug_000119_train_qcgen03,class0_ok,aug_000119,train,False
0,0 1 2 3,1.0139,278,3.1038,6910,3.0512,6979,3.1173,6878,4,aug_000127_train_qcgen00,class0_ok,aug_000127,train,False
1,0 1 2 3,1.0139,287,3.1038,6898,3.0512,6950,3.1173,6849,4,aug_000127_train_qcgen01,class0_ok,aug_000127,train,False
2,0 1 2 3,1.0139,284,3.1038,6922,3.0512,6948,3.1173,6912,4,aug_000127_train_qcgen02,class0_ok,aug_000127,train,False
3,0 1 2 3,1.0139,285,3.1038,6936,3.0512,7036,3.1173,6836,4,aug_000127_train_qcgen03,class0_ok,aug_000127,train,False
0,0 1 2 3,1.0018,356,3.0901,8243,3.0714,8243,3.1615,8128,4,aug_000179_train_qcgen00,class0_ok,aug_000179,train,False
1,0 1 2 3,1.0018,351,3.0901,8307,3.0714,8295,3.1615,8097,4,aug_000179_train_qcgen01,class0_ok,aug_000179,train,False
2,0 1 2 3,1.0018,360,3.0901,8279,3.0714,8265,3.1615,8056,4,aug_000179_train_qcgen02,class0_ok,aug_000179,train,False
3,0 1 2 3,1.0018,350,3.0901,8310,3.0714,8262,3.1615,8108,4,aug_000179_train_qcgen03,class0_ok,aug_000179,train,False
0,0 1 2 3,1.6583,330,3.0664,5243,3.0873,5207,3.0684,5344,4,aug_000058_train_qcgen00,class0_ok,aug_000058,train,False
1,0 1 2 3,1.6583,353,3.0664,5218,3.0873,5212,3.0684,5389,4,aug_000058_train_qcgen01,class0_ok,aug_000058,train,False
2,0 1 2 3,1.6583,346,3.0664,5204,3.0873,5197,3.0684,5400,4,aug_000058_train_qcgen02,class0_ok,aug_000058,train,False
3,0 1 2 3,1.6583,338,3.0664,5272,3.0873,5202,3.0684,5364,4,aug_000058_train_qcgen03,class0_ok,aug_000058,train,False
0,0 1 2 3,1.0007,321,3.0672,7863,3.1133,7788,3.1195,7715,4,aug_000000_train_qcgen00,class0_ok,aug_000000,train,False
1,0 1 2 3,1.0007,329,3.0672,7871,3.1133,7771,3.1195,7649,4,aug_000000_train_qcgen01,class0_ok,aug_000000,train,False
2,0 1 2 3,1.0007,313,3.0672,7835,3.1133,7732,3.1195,7706,4,aug_000000_train_qcgen02,class0_ok,aug_000000,train,False
3,0 1 2 3,1.0007,328,3.0672,7929,3.1133,7780,3.1195,7659,4,aug_000000_train_qcgen03,class0_ok,aug_000000,train,False
0,0 1 2 3,1.6851,336,3.1,5224,3.1,5235,3.0075,5384,4,aug_000006_train_qcgen00,class0_ok,aug_000006,train,False
1,0 1 2 3,1.6851,339,3.1,5202,3.1,5190,3.0075,5381,4,aug_000006_train_qcgen01,class0_ok,aug_000006,train,False
2,0 1 2 3,1.6851,350,3.1,5222,3.1,5186,3.0075,5352,4,aug_000006_train_qcgen02,class0_ok,aug_000006,train,False
3,0 1 2 3,1.6851,347,3.1,5222,3.1,5213,3.0075,5386,4,aug_000006_train_qcgen03,class0_ok,aug_000006,train,False
0,0 1 2 3,1.646,348,3.088,5275,3.043,5365,3.0285,5411,4,aug_000168_train_qcgen00,class0_ok,aug_000168,train,False
1,0 1 2 3,1.646,350,3.088,5297,3.043,5416,3.0285,5469,4,aug_000168_train_qcgen01,class0_ok,aug_000168,train,False
2,0 1 2 3,1.646,359,3.088,5329,3.043,5415,3.0285,5488,4,aug_000168_train_qcgen02,class0_ok,aug_000168,train,False
3,0 1 2 3,1.646,349,3.088,5346,3.043,5374,3.0285,5500,4,aug_000168_train_qcgen03,class0_ok,aug_000168,train,False
0,0 1 2 3,1.613,353,3.0812,5515,3.0884,5437,3.0688,5536,4,aug_000020_train_qcgen00,class0_ok,aug_000020,train,False
1,0 1 2 3,1.613,336,3.0812,5511,3.0884,5488,3.0688,5581,4,aug_000020_train_qcgen01,class0_ok,aug_000020,train,False
2,0 1 2 3,1.613,357,3.0812,5488,3.0884,5458,3.0688,5540,4,aug_000020_train_qcgen02,class0_ok,aug_000020,train,False
3,0 1 2 3,1.613,360,3.0812,5460,3.0884,5440,3.0688,5489,4,aug_000020_train_qcgen03,class0_ok,aug_000020,train,False
0,0 1 2 3,1.0,364,3.1238,8531,3.1109,8426,3.1335,8360,4,aug_000101_train_qcgen00,class0_ok,aug_000101,train,False
1,0 1 2 3,1.0,347,3.1238,8470,3.1109,8436,3.1335,8414,4,aug_000101_train_qcgen01,class0_ok,aug_000101,train,False
2,0 1 2 3,1.0,347,3.1238,8399,3.1109,8463,3.1335,8354,4,aug_000101_train_qcgen02,class0_ok,aug_000101,train,False
3,0 1 2 3,1.0,359,3.1238,8452,3.1109,8433,3.1335,8287,4,aug_000101_train_qcgen03,class0_ok,aug_000101,train,False
0,0 1 2 3,1.0008,280,3.0928,6694,3.0865,6667,3.0661,6768,4,aug_000126_train_qcgen00,class0_ok,aug_000126,train,False
1,0 1 2 3,1.0008,276,3.0928,6731,3.0865,6673,3.0661,6710,4,aug_000126_train_qcgen01,class0_ok,aug_000126,train,False
2,0 1 2 3,1.0008,289,3.0928,6666,3.0865,6662,3.0661,6785,4,aug_000126_train_qcgen02,class0_ok,aug_000126,train,False
3,0 1 2 3,1.0008,273,3.0928,6681,3.0865,6696,3.0661,6703,4,aug_000126_train_qcgen03,class0_ok,aug_000126,train,False
0,0 1 2 3,1.6557,326,3.0444,5246,3.0588,5167,3.0635,5171,4,aug_000049_train_qcgen00,swap_class0_with_class2_aspect0_3.131_cand_1.667,aug_000049,train,True
1,0 1 2 3,1.6557,333,3.0444,5274,3.0588,5124,3.0635,5128,4,aug_000049_train_qcgen01,swap_class0_with_class2_aspect0_3.131_cand_1.667,aug_000049,train,True
2,0 1 2 3,1.6557,331,3.0444,5268,3.0588,5189,3.0635,5139,4,aug_000049_train_qcgen02,swap_class0_with_class2_aspect0_3.131_cand_1.667,aug_000049,train,True
3,0 1 2 3,1.6557,322,3.0444,5280,3.0588,5175,3.0635,5186,4,aug_000049_train_qcgen03,swap_class0_with_class2_aspect0_3.131_cand_1.667,aug_000049,train,True
0,0 1 2 3,1.0054,255,3.0738,6022,3.0431,5982,3.0705,6014,4,aug_000195_train_qcgen00,class0_ok,aug_000195,train,False
1,0 1 2 3,1.0054,264,3.0738,6006,3.0431,6004,3.0705,6083,4,aug_000195_train_qcgen01,class0_ok,aug_000195,train,False
2,0 1 2 3,1.0054,249,3.0738,6027,3.0431,6064,3.0705,6038,4,aug_000195_train_qcgen02,class0_ok,aug_000195,train,False
3,0 1 2 3,1.0054,254,3.0738,6085,3.0431,6044,3.0705,6030,4,aug_000195_train_qcgen03,class0_ok,aug_000195,train,False
0,0 1 2 3,1.0047,282,3.0748,6960,3.1068,6929,3.1247,6796,4,aug_000062_train_qcgen00,class0_ok,aug_000062,train,False
1,0 1 2 3,1.0047,272,3.0748,6997,3.1068,6978,3.1247,6902,4,aug_000062_train_qcgen01,class0_ok,aug_000062,train,False
2,0 1 2 3,1.0047,294,3.0748,6860,3.1068,6924,3.1247,6869,4,aug_000062_train_qcgen02,class0_ok,aug_000062,train,False
3,0 1 2 3,1.0047,288,3.0748,6957,3.1068,6928,3.1247,6906,4,aug_000062_train_qcgen03,class0_ok,aug_000062,train,False
0,0 1 2 3,1.6718,363,3.0825,5290,3.095,5353,3.0285,5472,4,aug_000167_train_qcgen00,class0_ok,aug_000167,train,False
1,0 1 2 3,1.6718,368,3.0825,5253,3.095,5374,3.0285,5472,4,aug_000167_train_qcgen01,class0_ok,aug_000167,train,False
2,0 1 2 3,1.6718,371,3.0825,5302,3.095,5338,3.0285,5477,4,aug_000167_train_qcgen02,class0_ok,aug_000167,train,False
3,0 1 2 3,1.6718,365,3.0825,5242,3.095,5340,3.0285,5498,4,aug_000167_train_qcgen03,class0_ok,aug_000167,train,False
0,0 1 2 3,1.0095,282,3.0944,6590,3.1021,6579,3.0824,6628,4,aug_000099_train_qcgen00,class0_ok,aug_000099,train,False
1,0 1 2 3,1.0095,273,3.0944,6495,3.1021,6580,3.0824,6586,4,aug_000099_train_qcgen01,class0_ok,aug_000099,train,False
2,0 1 2 3,1.0095,269,3.0944,6610,3.1021,6621,3.0824,6615,4,aug_000099_train_qcgen02,class0_ok,aug_000099,train,False
3,0 1 2 3,1.0095,264,3.0944,6595,3.1021,6585,3.0824,6589,4,aug_000099_train_qcgen03,class0_ok,aug_000099,train,False
0,0 1 2 3,1.0134,270,3.0697,6696,3.0697,6709,3.0613,6628,4,aug_000141_train_qcgen00,class0_ok,aug_000141,train,False
1,0 1 2 3,1.0134,259,3.0697,6676,3.0697,6606,3.0613,6590,4,aug_000141_train_qcgen01,class0_ok,aug_000141,train,False
2,0 1 2 3,1.0134,272,3.0697,6720,3.0697,6693,3.0613,6643,4,aug_000141_train_qcgen02,class0_ok,aug_000141,train,False
3,0 1 2 3,1.0134,268,3.0697,6745,3.0697,6698,3.0613,6652,4,aug_000141_train_qcgen03,class0_ok,aug_000141,train,False
0,0 1 2 3,1.0145,370,3.0868,8721,3.1351,8727,3.1254,8692,4,aug_000025_train_qcgen00,class0_ok,aug_000025,train,False
1,0 1 2 3,1.0145,375,3.0868,8788,3.1351,8791,3.1254,8676,4,aug_000025_train_qcgen01,class0_ok,aug_000025,train,False
2,0 1 2 3,1.0145,366,3.0868,8819,3.1351,8780,3.1254,8606,4,aug_000025_train_qcgen02,class0_ok,aug_000025,train,False
3,0 1 2 3,1.0145,369,3.0868,8864,3.1351,8777,3.1254,8634,4,aug_000025_train_qcgen03,class0_ok,aug_000025,train,False
0,0 1 2 3,1.604,334,3.0783,5496,3.0783,5521,3.0577,5624,4,aug_000018_train_qcgen00,class0_ok,aug_000018,train,False
1,0 1 2 3,1.604,353,3.0783,5491,3.0783,5472,3.0577,5591,4,aug_000018_train_qcgen01,class0_ok,aug_000018,train,False
2,0 1 2 3,1.604,356,3.0783,5499,3.0783,5474,3.0577,5583,4,aug_000018_train_qcgen02,class0_ok,aug_000018,train,False
3,0 1 2 3,1.604,349,3.0783,5490,3.0783,5429,3.0577,5657,4,aug_000018_train_qcgen03,class0_ok,aug_000018,train,False
0,0 1 2 3,1.6698,384,3.0804,5166,3.0804,5191,3.0701,5273,4,aug_000070_train_qcgen00,class0_ok,aug_000070,train,False
1,0 1 2 3,1.6698,381,3.0804,5219,3.0804,5188,3.0701,5287,4,aug_000070_train_qcgen01,class0_ok,aug_000070,train,False
2,0 1 2 3,1.6698,378,3.0804,5200,3.0804,5154,3.0701,5302,4,aug_000070_train_qcgen02,class0_ok,aug_000070,train,False
3,0 1 2 3,1.6698,368,3.0804,5228,3.0804,5214,3.0701,5257,4,aug_000070_train_qcgen03,class0_ok,aug_000070,train,False
0,0 1 2 3,1.0047,303,3.1362,6939,3.1362,6966,3.1519,6911,4,aug_000180_train_qcgen00,class0_ok,aug_000180,train,False
1,0 1 2 3,1.0047,299,3.1362,6907,3.1362,6965,3.1519,6891,4,aug_000180_train_qcgen01,class0_ok,aug_000180,train,False
2,0 1 2 3,1.0047,301,3.1362,7001,3.1362,6970,3.1519,6949,4,aug_000180_train_qcgen02,class0_ok,aug_000180,train,False
3,0 1 2 3,1.0047,295,3.1362,6905,3.1362,6936,3.1519,6897,4,aug_000180_train_qcgen03,class0_ok,aug_000180,train,False
0,0 1 2 3,1.6332,349,3.0802,5215,3.0786,5234,3.0684,5385,4,aug_000086_train_qcgen00,class0_ok,aug_000086,train,False
1,0 1 2 3,1.6332,372,3.0802,5165,3.0786,5244,3.0684,5335,4,aug_000086_train_qcgen01,class0_ok,aug_000086,train,False
2,0 1 2 3,1.6332,350,3.0802,5261,3.0786,5206,3.0684,5390,4,aug_000086_train_qcgen02,class0_ok,aug_000086,train,False
3,0 1 2 3,1.6332,358,3.0802,5252,3.0786,5229,3.0684,5361,4,aug_000086_train_qcgen03,class0_ok,aug_000086,train,False
0,0 1 2 3,1.6124,365,3.0812,5550,3.0812,5439,3.0688,5542,4,aug_000084_train_qcgen00,class0_ok,aug_000084,train,False
1,0 1 2 3,1.6124,352,3.0812,5476,3.0812,5455,3.0688,5545,4,aug_000084_train_qcgen01,class0_ok,aug_000084,train,False
2,0 1 2 3,1.6124,340,3.0812,5459,3.0812,5496,3.0688,5550,4,aug_000084_train_qcgen02,class0_ok,aug_000084,train,False
3,0 1 2 3,1.6124,358,3.0812,5499,3.0812,5468,3.0688,5583,4,aug_000084_train_qcgen03,class0_ok,aug_000084,train,False
0,0 1 2 3,1.6165,376,3.0725,5335,3.0469,5377,3.0782,5460,4,aug_000105_train_qcgen00,class0_ok,aug_000105,train,False
1,0 1 2 3,1.6165,374,3.0725,5352,3.0469,5383,3.0782,5398,4,aug_000105_train_qcgen01,class0_ok,aug_000105,train,False
2,0 1 2 3,1.6165,358,3.0725,5341,3.0469,5380,3.0782,5495,4,aug_000105_train_qcgen02,class0_ok,aug_000105,train,False
3,0 1 2 3,1.6165,383,3.0725,5301,3.0469,5338,3.0782,5450,4,aug_000105_train_qcgen03,class0_ok,aug_000105,train,False
0,0 1 2 3,1.0,286,3.0707,7384,3.0857,7419,3.1327,7302,4,aug_000023_train_qcgen00,class0_ok,aug_000023,train,False
1,0 1 2 3,1.0,307,3.0707,7370,3.0857,7433,3.1327,7344,4,aug_000023_train_qcgen01,class0_ok,aug_000023,train,False
2,0 1 2 3,1.0,286,3.0707,7382,3.0857,7455,3.1327,7282,4,aug_000023_train_qcgen02,class0_ok,aug_000023,train,False
3,0 1 2 3,1.0,289,3.0707,7399,3.0857,7427,3.1327,7283,4,aug_000023_train_qcgen03,class0_ok,aug_000023,train,False
0,0 1 2 3,1.6572,349,3.0969,5334,3.0825,5280,3.0833,5424,4,aug_000063_train_qcgen00,class0_ok,aug_000063,train,False
1,0 1 2 3,1.6572,342,3.0969,5285,3.0825,5316,3.0833,5423,4,aug_000063_train_qcgen01,class0_ok,aug_000063,train,False
2,0 1 2 3,1.6572,347,3.0969,5335,3.0825,5306,3.0833,5428,4,aug_000063_train_qcgen02,class0_ok,aug_000063,train,False
3,0 1 2 3,1.6572,359,3.0969,5302,3.0825,5291,3.0833,5406,4,aug_000063_train_qcgen03,class0_ok,aug_000063,train,False
0,0 1 2 3,1.6366,341,3.0884,5445,3.0884,5420,3.0768,5521,4,aug_000128_train_qcgen00,class0_ok,aug_000128,train,False
1,0 1 2 3,1.6366,360,3.0884,5408,3.0884,5437,3.0768,5538,4,aug_000128_train_qcgen01,class0_ok,aug_000128,train,False
2,0 1 2 3,1.6366,347,3.0884,5431,3.0884,5475,3.0768,5547,4,aug_000128_train_qcgen02,class0_ok,aug_000128,train,False
3,0 1 2 3,1.6366,358,3.0884,5388,3.0884,5407,3.0768,5539,4,aug_000128_train_qcgen03,class0_ok,aug_000128,train,False
0,0 1 2 3,1.0033,306,3.0798,7389,3.0799,7415,3.1168,7465,4,aug_000100_train_qcgen00,class0_ok,aug_000100,train,False
1,0 1 2 3,1.0033,314,3.0798,7412,3.0799,7451,3.1168,7403,4,aug_000100_train_qcgen01,class0_ok,aug_000100,train,False
2,0 1 2 3,1.0033,316,3.0798,7498,3.0799,7445,3.1168,7436,4,aug_000100_train_qcgen02,class0_ok,aug_000100,train,False
3,0 1 2 3,1.0033,307,3.0798,7432,3.0799,7384,3.1168,7401,4,aug_000100_train_qcgen03,class0_ok,aug_000100,train,False
0,0 1 2 3,1.5905,392,3.039,5782,3.0842,5652,3.0889,5691,4,aug_000188_train_qcgen00,class0_ok,aug_000188,train,False
1,0 1 2 3,1.5905,386,3.039,5754,3.0842,5735,3.0889,5648,4,aug_000188_train_qcgen01,class0_ok,aug_000188,train,False
2,0 1 2 3,1.5905,395,3.039,5725,3.0842,5688,3.0889,5679,4,aug_000188_train_qcgen02,class0_ok,aug_000188,train,False
3,0 1 2 3,1.5905,401,3.039,5712,3.0842,5634,3.0889,5652,4,aug_000188_train_qcgen03,class0_ok,aug_000188,train,False
0,0 1 2 3,1.6667,345,3.1165,5117,3.0827,5143,3.0678,5278,4,aug_000106_train_qcgen00,class0_ok,aug_000106,train,False
1,0 1 2 3,1.6667,350,3.1165,5121,3.0827,5163,3.0678,5329,4,aug_000106_train_qcgen01,class0_ok,aug_000106,train,False
2,0 1 2 3,1.6667,337,3.1165,5105,3.0827,5183,3.0678,5243,4,aug_000106_train_qcgen02,class0_ok,aug_000106,train,False
3,0 1 2 3,1.6667,355,3.1165,5173,3.0827,5220,3.0678,5292,4,aug_000106_train_qcgen03,class0_ok,aug_000106,train,False
0,0 1 2 3,1.7117,359,3.1287,5141,3.0387,5191,3.0703,5262,4,aug_000145_train_qcgen00,class0_ok,aug_000145,train,False
1,0 1 2 3,1.7117,369,3.1287,5146,3.0387,5209,3.0703,5278,4,aug_000145_train_qcgen01,class0_ok,aug_000145,train,False
2,0 1 2 3,1.7117,346,3.1287,5083,3.0387,5196,3.0703,5312,4,aug_000145_train_qcgen02,class0_ok,aug_000145,train,False
3,0 1 2 3,1.7117,382,3.1287,5082,3.0387,5217,3.0703,5315,4,aug_000145_train_qcgen03,class0_ok,aug_000145,train,False
0,0 1 2 3,1.7555,356,3.0759,5119,3.083,5193,3.0816,5307,4,aug_000134_train_qcgen00,class0_ok,aug_000134,train,False
1,0 1 2 3,1.7555,343,3.0759,5133,3.083,5233,3.0816,5264,4,aug_000134_train_qcgen01,class0_ok,aug_000134,train,False
2,0 1 2 3,1.7555,346,3.0759,5110,3.083,5162,3.0816,5296,4,aug_000134_train_qcgen02,class0_ok,aug_000134,train,False
3,0 1 2 3,1.7555,353,3.0759,5087,3.083,5143,3.0816,5295,4,aug_000134_train_qcgen03,class0_ok,aug_000134,train,False
0,0 1 2 3,1.0,257,3.1034,6527,3.0944,6576,3.1216,6542,4,aug_000164_train_qcgen00,class0_ok,aug_000164,train,False
1,0 1 2 3,1.0,255,3.1034,6632,3.0944,6534,3.1216,6503,4,aug_000164_train_qcgen01,class0_ok,aug_000164,train,False
2,0 1 2 3,1.0,255,3.1034,6509,3.0944,6512,3.1216,6454,4,aug_000164_train_qcgen02,class0_ok,aug_000164,train,False
3,0 1 2 3,1.0,246,3.1034,6532,3.0944,6583,3.1216,6468,4,aug_000164_train_qcgen03,class0_ok,aug_000164,train,False
0,0 1 2 3,1.0026,333,3.0944,7936,3.0944,7799,3.1476,7783,4,aug_000176_train_qcgen00,class0_ok,aug_000176,train,False
1,0 1 2 3,1.0026,334,3.0944,7908,3.0944,7831,3.1476,7835,4,aug_000176_train_qcgen01,class0_ok,aug_000176,train,False
2,0 1 2 3,1.0026,324,3.0944,7916,3.0944,7895,3.1476,7810,4,aug_000176_train_qcgen02,class0_ok,aug_000176,train,False
3,0 1 2 3,1.0026,320,3.0944,7973,3.0944,7835,3.1476,7870,4,aug_000176_train_qcgen03,class0_ok,aug_000176,train,False
0,0 1 2 3,1.0168,262,3.0868,6233,3.0821,6187,3.0683,6217,4,aug_000044_train_qcgen00,class0_ok,aug_000044,train,False
1,0 1 2 3,1.0168,259,3.0868,6256,3.0821,6167,3.0683,6174,4,aug_000044_train_qcgen01,class0_ok,aug_000044,train,False
2,0 1 2 3,1.0168,263,3.0868,6246,3.0821,6290,3.0683,6207,4,aug_000044_train_qcgen02,class0_ok,aug_000044,train,False
3,0 1 2 3,1.0168,265,3.0868,6303,3.0821,6244,3.0683,6215,4,aug_000044_train_qcgen03,class0_ok,aug_000044,train,False
0,0 1 2 3,1.6799,329,3.037,5220,3.1,5197,3.0075,5372,4,aug_000024_train_qcgen00,class0_ok,aug_000024,train,False
1,0 1 2 3,1.6799,347,3.037,5227,3.1,5200,3.0075,5348,4,aug_000024_train_qcgen01,class0_ok,aug_000024,train,False
2,0 1 2 3,1.6799,360,3.037,5242,3.1,5207,3.0075,5354,4,aug_000024_train_qcgen02,class0_ok,aug_000024,train,False
3,0 1 2 3,1.6799,335,3.037,5265,3.1,5223,3.0075,5375,4,aug_000024_train_qcgen03,class0_ok,aug_000024,train,False
0,0 1 2 3,1.0202,267,3.0705,6554,3.0705,6577,3.1303,6444,4,aug_000174_train_qcgen00,class0_ok,aug_000174,train,False
1,0 1 2 3,1.0202,270,3.0705,6544,3.0705,6547,3.1303,6395,4,aug_000174_train_qcgen01,class0_ok,aug_000174,train,False
2,0 1 2 3,1.0202,283,3.0705,6545,3.0705,6532,3.1303,6415,4,aug_000174_train_qcgen02,class0_ok,aug_000174,train,False
3,0 1 2 3,1.0202,273,3.0705,6498,3.0705,6587,3.1303,6392,4,aug_000174_train_qcgen03,class0_ok,aug_000174,train,False
0,0 1 2 3,1.6619,359,3.0682,5253,3.0853,5295,3.0712,5340,4,aug_000152_train_qcgen00,class0_ok,aug_000152,train,False
1,0 1 2 3,1.6619,365,3.0682,5166,3.0853,5205,3.0712,5338,4,aug_000152_train_qcgen01,class0_ok,aug_000152,train,False
2,0 1 2 3,1.6619,350,3.0682,5166,3.0853,5224,3.0712,5263,4,aug_000152_train_qcgen02,class0_ok,aug_000152,train,False
3,0 1 2 3,1.6619,346,3.0682,5258,3.0853,5207,3.0712,5283,4,aug_000152_train_qcgen03,class0_ok,aug_000152,train,False
0,0 1 2 3,1.6234,364,3.0779,5417,3.0779,5405,3.012,5628,4,aug_000059_train_qcgen00,class0_ok,aug_000059,train,False
1,0 1 2 3,1.6234,381,3.0779,5422,3.0779,5419,3.012,5547,4,aug_000059_train_qcgen01,class0_ok,aug_000059,train,False
2,0 1 2 3,1.6234,369,3.0779,5365,3.0779,5462,3.012,5581,4,aug_000059_train_qcgen02,class0_ok,aug_000059,train,False
3,0 1 2 3,1.6234,380,3.0779,5396,3.0779,5473,3.012,5526,4,aug_000059_train_qcgen03,class0_ok,aug_000059,train,False
0,0 1 2 3,1.0096,241,3.0472,5855,3.0566,5802,3.0473,5808,4,aug_000082_train_qcgen00,class0_ok,aug_000082,train,False
1,0 1 2 3,1.0096,248,3.0472,5865,3.0566,5794,3.0473,5878,4,aug_000082_train_qcgen01,class0_ok,aug_000082,train,False
2,0 1 2 3,1.0096,239,3.0472,5886,3.0566,5795,3.0473,5789,4,aug_000082_train_qcgen02,class0_ok,aug_000082,train,False
3,0 1 2 3,1.0096,235,3.0472,5897,3.0566,5822,3.0473,5796,4,aug_000082_train_qcgen03,class0_ok,aug_000082,train,False
0,0 1 2 3,1.6681,362,3.1398,5092,3.0823,5221,3.0084,5332,4,aug_000104_train_qcgen00,class0_ok,aug_000104,train,False
1,0 1 2 3,1.6681,361,3.1398,5080,3.0823,5203,3.0084,5331,4,aug_000104_train_qcgen01,class0_ok,aug_000104,train,False
2,0 1 2 3,1.6681,358,3.1398,5071,3.0823,5207,3.0084,5369,4,aug_000104_train_qcgen02,class0_ok,aug_000104,train,False
3,0 1 2 3,1.6681,351,3.1398,5059,3.0823,5230,3.0084,5423,4,aug_000104_train_qcgen03,class0_ok,aug_000104,train,False
0,0 1 2 3,1.648,375,3.092,5427,3.0574,5366,3.0782,5428,4,aug_000183_train_qcgen00,class0_ok,aug_000183,train,False
1,0 1 2 3,1.648,377,3.092,5312,3.0574,5331,3.0782,5432,4,aug_000183_train_qcgen01,class0_ok,aug_000183,train,False
2,0 1 2 3,1.648,371,3.092,5340,3.0574,5417,3.0782,5463,4,aug_000183_train_qcgen02,class0_ok,aug_000183,train,False
3,0 1 2 3,1.648,383,3.092,5279,3.0574,5366,3.0782,5419,4,aug_000183_train_qcgen03,class0_ok,aug_000183,train,False
0,0 1 2 3,1.0,325,3.1099,7960,3.1099,7996,3.1421,7833,4,aug_000124_train_qcgen00,class0_ok,aug_000124,train,False
1,0 1 2 3,1.0,333,3.1099,7996,3.1099,7968,3.1421,7871,4,aug_000124_train_qcgen01,class0_ok,aug_000124,train,False
2,0 1 2 3,1.0,318,3.1099,7964,3.1099,7941,3.1421,7874,4,aug_000124_train_qcgen02,class0_ok,aug_000124,train,False
3,0 1 2 3,1.0,319,3.1099,8007,3.1099,8009,3.1421,7858,4,aug_000124_train_qcgen03,class0_ok,aug_000124,train,False
0,0 1 2 3,1.0008,387,3.1547,8972,3.1053,9190,3.1508,8991,4,aug_000194_train_qcgen00,class0_ok,aug_000194,train,False
1,0 1 2 3,1.0008,387,3.1547,9039,3.1053,9176,3.1508,8957,4,aug_000194_train_qcgen01,class0_ok,aug_000194,train,False
2,0 1 2 3,1.0008,398,3.1547,8979,3.1053,9228,3.1508,9016,4,aug_000194_train_qcgen02,class0_ok,aug_000194,train,False
3,0 1 2 3,1.0008,387,3.1547,9039,3.1053,9193,3.1508,8938,4,aug_000194_train_qcgen03,class0_ok,aug_000194,train,False
0,0 1 2 3,1.6936,368,3.0862,5237,3.0942,5205,3.0059,5361,4,aug_000093_train_qcgen00,class0_ok,aug_000093,train,False
1,0 1 2 3,1.6936,362,3.0862,5126,3.0942,5186,3.0059,5358,4,aug_000093_train_qcgen01,class0_ok,aug_000093,train,False
2,0 1 2 3,1.6936,368,3.0862,5163,3.0942,5207,3.0059,5334,4,aug_000093_train_qcgen02,class0_ok,aug_000093,train,False
3,0 1 2 3,1.6936,371,3.0862,5200,3.0942,5165,3.0059,5375,4,aug_000093_train_qcgen03,class0_ok,aug_000093,train,False
0,0 1 2 3,1.005,330,3.0926,7544,3.1118,7526,3.1236,7422,4,aug_000036_train_qcgen00,class0_ok,aug_000036,train,False
1,0 1 2 3,1.005,324,3.0926,7534,3.1118,7481,3.1236,7459,4,aug_000036_train_qcgen01,class0_ok,aug_000036,train,False
2,0 1 2 3,1.005,318,3.0926,7500,3.1118,7516,3.1236,7463,4,aug_000036_train_qcgen02,class0_ok,aug_000036,train,False
3,0 1 2 3,1.005,329,3.0926,7566,3.1118,7637,3.1236,7447,4,aug_000036_train_qcgen03,class0_ok,aug_000036,train,False
0,0 1 2 3,1.0192,248,3.0275,6127,3.1099,6008,3.0654,6061,4,aug_000129_train_qcgen00,class0_ok,aug_000129,train,False
1,0 1 2 3,1.0192,250,3.0275,6088,3.1099,6005,3.0654,5973,4,aug_000129_train_qcgen01,class0_ok,aug_000129,train,False
2,0 1 2 3,1.0192,256,3.0275,6084,3.1099,6000,3.0654,5988,4,aug_000129_train_qcgen02,class0_ok,aug_000129,train,False
3,0 1 2 3,1.0192,262,3.0275,6094,3.1099,6030,3.0654,5976,4,aug_000129_train_qcgen03,class0_ok,aug_000129,train,False
0,0 1 2 3,1.0006,392,3.1361,9236,3.1266,9281,3.1813,9063,4,aug_000137_train_qcgen00,class0_ok,aug_000137,train,False
1,0 1 2 3,1.0006,369,3.1361,9228,3.1266,9254,3.1813,9011,4,aug_000137_train_qcgen01,class0_ok,aug_000137,train,False
2,0 1 2 3,1.0006,383,3.1361,9237,3.1266,9197,3.1813,9052,4,aug_000137_train_qcgen02,class0_ok,aug_000137,train,False
3,0 1 2 3,1.0006,386,3.1361,9246,3.1266,9301,3.1813,9001,4,aug_000137_train_qcgen03,class0_ok,aug_000137,train,False
0,0 1 2 3,1.0145,260,3.0352,6044,3.0579,5997,3.0618,6045,4,aug_000068_train_qcgen00,class0_ok,aug_000068,train,False
1,0 1 2 3,1.0145,263,3.0352,6046,3.0579,6011,3.0618,6076,4,aug_000068_train_qcgen01,class0_ok,aug_000068,train,False
2,0 1 2 3,1.0145,241,3.0352,6048,3.0579,5982,3.0618,6072,4,aug_000068_train_qcgen02,class0_ok,aug_000068,train,False
3,0 1 2 3,1.0145,245,3.0352,6013,3.0579,6003,3.0618,6090,4,aug_000068_train_qcgen03,class0_ok,aug_000068,train,False
0,0 1 2 3,1.0,291,3.106,7521,3.106,7548,3.1292,7426,4,aug_000057_train_qcgen00,class0_ok,aug_000057,train,False
1,0 1 2 3,1.0,300,3.106,7517,3.106,7519,3.1292,7544,4,aug_000057_train_qcgen01,class0_ok,aug_000057,train,False
2,0 1 2 3,1.0,299,3.106,7500,3.106,7540,3.1292,7479,4,aug_000057_train_qcgen02,class0_ok,aug_000057,train,False
3,0 1 2 3,1.0,296,3.106,7495,3.106,7610,3.1292,7501,4,aug_000057_train_qcgen03,class0_ok,aug_000057,train,False
0,0 1 2 3,1.7213,359,3.0844,5117,3.1131,5093,3.0444,5324,4,aug_000005_train_qcgen00,class0_ok,aug_000005,train,False
1,0 1 2 3,1.7213,356,3.0844,5183,3.1131,5035,3.0444,5287,4,aug_000005_train_qcgen01,class0_ok,aug_000005,train,False
2,0 1 2 3,1.7213,341,3.0844,5104,3.1131,5066,3.0444,5266,4,aug_000005_train_qcgen02,class0_ok,aug_000005,train,False
3,0 1 2 3,1.7213,345,3.0844,5123,3.1131,5090,3.0444,5327,4,aug_000005_train_qcgen03,class0_ok,aug_000005,train,False
0,0 1 2 3,1.0145,371,3.1528,8760,3.1025,8958,3.1368,8724,4,aug_000038_train_qcgen00,class0_ok,aug_000038,train,False
1,0 1 2 3,1.0145,369,3.1528,8716,3.1025,8895,3.1368,8690,4,aug_000038_train_qcgen01,class0_ok,aug_000038,train,False
2,0 1 2 3,1.0145,380,3.1528,8747,3.1025,8883,3.1368,8720,4,aug_000038_train_qcgen02,class0_ok,aug_000038,train,False
3,0 1 2 3,1.0145,375,3.1528,8755,3.1025,8935,3.1368,8748,4,aug_000038_train_qcgen03,class0_ok,aug_000038,train,False
0,0 1 2 3,1.0164,244,3.0806,5828,3.0656,5807,3.0837,5859,4,aug_000114_train_qcgen00,class0_ok,aug_000114,train,False
1,0 1 2 3,1.0164,242,3.0806,5823,3.0656,5827,3.0837,5917,4,aug_000114_train_qcgen01,class0_ok,aug_000114,train,False
2,0 1 2 3,1.0164,255,3.0806,5787,3.0656,5863,3.0837,5880,4,aug_000114_train_qcgen02,class0_ok,aug_000114,train,False
3,0 1 2 3,1.0164,242,3.0806,5795,3.0656,5837,3.0837,5881,4,aug_000114_train_qcgen03,class0_ok,aug_000114,train,False
0,0 1 2 3,1.0035,372,3.1052,9054,3.1167,9118,3.1636,8995,4,aug_000123_train_qcgen00,class0_ok,aug_000123,train,False
1,0 1 2 3,1.0035,372,3.1052,9084,3.1167,9069,3.1636,8987,4,aug_000123_train_qcgen01,class0_ok,aug_000123,train,False
2,0 1 2 3,1.0035,368,3.1052,9157,3.1167,9096,3.1636,9042,4,aug_000123_train_qcgen02,class0_ok,aug_000123,train,False
3,0 1 2 3,1.0035,381,3.1052,9030,3.1167,9140,3.1636,9002,4,aug_000123_train_qcgen03,class0_ok,aug_000123,train,False
0,0 1 2 3,1.0189,291,3.0576,6860,3.063,6761,3.0764,6804,4,aug_000122_train_qcgen00,class0_ok,aug_000122,train,False
1,0 1 2 3,1.0189,285,3.0576,6781,3.063,6844,3.0764,6803,4,aug_000122_train_qcgen01,class0_ok,aug_000122,train,False
2,0 1 2 3,1.0189,297,3.0576,6845,3.063,6800,3.0764,6833,4,aug_000122_train_qcgen02,class0_ok,aug_000122,train,False
3,0 1 2 3,1.0189,295,3.0576,6826,3.063,6826,3.0764,6781,4,aug_000122_train_qcgen03,class0_ok,aug_000122,train,False
0,0 1 2 3,1.7216,337,3.097,5187,3.1263,5085,3.07,5323,4,aug_000161_train_qcgen00,class0_ok,aug_000161,train,False
1,0 1 2 3,1.7216,348,3.097,5176,3.1263,5050,3.07,5257,4,aug_000161_train_qcgen01,class0_ok,aug_000161,train,False
2,0 1 2 3,1.7216,335,3.097,5229,3.1263,5047,3.07,5284,4,aug_000161_train_qcgen02,class0_ok,aug_000161,train,False
3,0 1 2 3,1.7216,340,3.097,5205,3.1263,5064,3.07,5291,4,aug_000161_train_qcgen03,class0_ok,aug_000161,train,False
0,0 1 2 3,1.0,339,3.1045,8614,3.1212,8750,3.1344,8460,4,aug_000153_train_qcgen00,class0_ok,aug_000153,train,False
1,0 1 2 3,1.0,353,3.1045,8649,3.1212,8794,3.1344,8515,4,aug_000153_train_qcgen01,class0_ok,aug_000153,train,False
2,0 1 2 3,1.0,344,3.1045,8634,3.1212,8773,3.1344,8504,4,aug_000153_train_qcgen02,class0_ok,aug_000153,train,False
3,0 1 2 3,1.0,351,3.1045,8585,3.1212,8798,3.1344,8517,4,aug_000153_train_qcgen03,class0_ok,aug_000153,train,False
0,0 1 2 3,1.0,285,3.0697,6745,3.074,6667,3.0691,6635,4,aug_000191_train_qcgen00,class0_ok,aug_000191,train,False
1,0 1 2 3,1.0,279,3.0697,6626,3.074,6674,3.0691,6653,4,aug_000191_train_qcgen01,class0_ok,aug_000191,train,False
2,0 1 2 3,1.0,274,3.0697,6744,3.074,6635,3.0691,6620,4,aug_000191_train_qcgen02,class0_ok,aug_000191,train,False
3,0 1 2 3,1.0,273,3.0697,6749,3.074,6703,3.0691,6644,4,aug_000191_train_qcgen03,class0_ok,aug_000191,train,False
0,0 1 2 3,1.0,296,3.0705,7432,3.119,7316,3.1216,7292,4,aug_000165_train_qcgen00,class0_ok,aug_000165,train,False
1,0 1 2 3,1.0,293,3.0705,7421,3.119,7271,3.1216,7312,4,aug_000165_train_qcgen01,class0_ok,aug_000165,train,False
2,0 1 2 3,1.0,293,3.0705,7449,3.119,7313,3.1216,7311,4,aug_000165_train_qcgen02,class0_ok,aug_000165,train,False
3,0 1 2 3,1.0,305,3.0705,7374,3.119,7323,3.1216,7266,4,aug_000165_train_qcgen03,class0_ok,aug_000165,train,False
0,0 1 2 3,1.0086,253,3.068,5963,3.068,5982,3.0648,5950,4,aug_000071_train_qcgen00,class0_ok,aug_000071,train,False
1,0 1 2 3,1.0086,234,3.068,5965,3.068,5931,3.0648,5940,4,aug_000071_train_qcgen01,class0_ok,aug_000071,train,False
2,0 1 2 3,1.0086,249,3.068,5963,3.068,5953,3.0648,5955,4,aug_000071_train_qcgen02,class0_ok,aug_000071,train,False
3,0 1 2 3,1.0086,239,3.068,5974,3.068,5941,3.0648,5991,4,aug_000071_train_qcgen03,class0_ok,aug_000071,train,False
0,0 1 2 3,1.0164,233,3.1235,5864,3.068,5994,3.0685,5979,4,aug_000147_train_qcgen00,class0_ok,aug_000147,train,False
1,0 1 2 3,1.0164,230,3.1235,5877,3.068,5956,3.0685,5897,4,aug_000147_train_qcgen01,class0_ok,aug_000147,train,False
2,0 1 2 3,1.0164,244,3.1235,5905,3.068,5968,3.0685,5993,4,aug_000147_train_qcgen02,class0_ok,aug_000147,train,False
3,0 1 2 3,1.0164,249,3.1235,5888,3.068,5937,3.0685,5941,4,aug_000147_train_qcgen03,class0_ok,aug_000147,train,False
0,0 1 2 3,1.0,289,3.0857,7445,3.0882,7451,3.1327,7303,4,aug_000045_train_qcgen00,class0_ok,aug_000045,train,False
1,0 1 2 3,1.0,302,3.0857,7422,3.0882,7464,3.1327,7268,4,aug_000045_train_qcgen01,class0_ok,aug_000045,train,False
2,0 1 2 3,1.0,295,3.0857,7433,3.0882,7430,3.1327,7279,4,aug_000045_train_qcgen02,class0_ok,aug_000045,train,False
3,0 1 2 3,1.0,303,3.0857,7430,3.0882,7482,3.1327,7309,4,aug_000045_train_qcgen03,class0_ok,aug_000045,train,False
0,0 1 2 3,1.0047,282,3.0509,7096,3.1068,6962,3.1247,6879,4,aug_000065_train_qcgen00,class0_ok,aug_000065,train,False
1,0 1 2 3,1.0047,302,3.0509,7115,3.1068,6937,3.1247,6838,4,aug_000065_train_qcgen01,class0_ok,aug_000065,train,False
2,0 1 2 3,1.0047,269,3.0509,7061,3.1068,6994,3.1247,6863,4,aug_000065_train_qcgen02,class0_ok,aug_000065,train,False
3,0 1 2 3,1.0047,274,3.0509,7068,3.1068,7023,3.1247,6852,4,aug_000065_train_qcgen03,class0_ok,aug_000065,train,False
0,0 1 2 3,1.6881,358,3.0823,5177,3.1015,5209,3.0056,5369,4,aug_000039_train_qcgen00,class0_ok,aug_000039,train,False
1,0 1 2 3,1.6881,349,3.0823,5160,3.1015,5226,3.0056,5336,4,aug_000039_train_qcgen01,class0_ok,aug_000039,train,False
2,0 1 2 3,1.6881,361,3.0823,5246,3.1015,5216,3.0056,5319,4,aug_000039_train_qcgen02,class0_ok,aug_000039,train,False
3,0 1 2 3,1.6881,358,3.0823,5219,3.1015,5160,3.0056,5313,4,aug_000039_train_qcgen03,class0_ok,aug_000039,train,False
0,0 1 2 3,1.6392,376,3.0845,5534,3.0808,5592,3.0735,5582,4,aug_000171_train_qcgen00,class0_ok,aug_000171,train,False
1,0 1 2 3,1.6392,370,3.0845,5508,3.0808,5587,3.0735,5588,4,aug_000171_train_qcgen01,class0_ok,aug_000171,train,False
2,0 1 2 3,1.6392,365,3.0845,5422,3.0808,5571,3.0735,5590,4,aug_000171_train_qcgen02,class0_ok,aug_000171,train,False
3,0 1 2 3,1.6392,380,3.0845,5520,3.0808,5566,3.0735,5561,4,aug_000171_train_qcgen03,class0_ok,aug_000171,train,False
0,0 1 2 3,1.6325,352,3.0756,5307,3.0756,5309,3.0703,5380,4,aug_000184_train_qcgen00,class0_ok,aug_000184,train,False
1,0 1 2 3,1.6325,361,3.0756,5309,3.0756,5368,3.0703,5322,4,aug_000184_train_qcgen01,class0_ok,aug_000184,train,False
2,0 1 2 3,1.6325,346,3.0756,5360,3.0756,5332,3.0703,5409,4,aug_000184_train_qcgen02,class0_ok,aug_000184,train,False
3,0 1 2 3,1.6325,369,3.0756,5307,3.0756,5300,3.0703,5366,4,aug_000184_train_qcgen03,class0_ok,aug_000184,train,False
0,0 1 2 3,1.6247,355,3.0984,5460,3.0812,5453,3.0545,5517,4,aug_000162_train_qcgen00,class0_ok,aug_000162,train,False
1,0 1 2 3,1.6247,349,3.0984,5435,3.0812,5449,3.0545,5478,4,aug_000162_train_qcgen01,class0_ok,aug_000162,train,False
2,0 1 2 3,1.6247,341,3.0984,5415,3.0812,5393,3.0545,5533,4,aug_000162_train_qcgen02,class0_ok,aug_000162,train,False
3,0 1 2 3,1.6247,352,3.0984,5439,3.0812,5470,3.0545,5546,4,aug_000162_train_qcgen03,class0_ok,aug_000162,train,False
0,0 1 2 3,1.0167,419,3.1672,9251,3.1153,9432,3.1559,9350,4,aug_000157_train_qcgen00,class0_ok,aug_000157,train,False
1,0 1 2 3,1.0167,420,3.1672,9282,3.1153,9405,3.1559,9331,4,aug_000157_train_qcgen01,class0_ok,aug_000157,train,False
2,0 1 2 3,1.0167,412,3.1672,9203,3.1153,9412,3.1559,9338,4,aug_000157_train_qcgen02,class0_ok,aug_000157,train,False
3,0 1 2 3,1.0167,413,3.1672,9290,3.1153,9425,3.1559,9328,4,aug_000157_train_qcgen03,class0_ok,aug_000157,train,False
0,0 1 2 3,1.0076,259,3.0557,6204,1.5126,6182,3.0708,6170,4,aug_000029_train_qcgen00,class0_ok,aug_000029,train,False
1,0 1 2 3,1.0076,261,3.0557,6171,1.5126,6128,3.0708,6136,4,aug_000029_train_qcgen01,class0_ok,aug_000029,train,False
2,0 1 2 3,1.0076,256,3.0557,6178,1.5126,6161,3.0708,6155,4,aug_000029_train_qcgen02,class0_ok,aug_000029,train,False
3,0 1 2 3,1.0076,257,3.0557,6257,1.5126,6136,3.0708,6166,4,aug_000029_train_qcgen03,class0_ok,aug_000029,train,False
0,0 1 2 3,1.0051,292,3.0744,6796,3.063,6765,3.1135,6728,4,aug_000102_train_qcgen00,class0_ok,aug_000102,train,False
1,0 1 2 3,1.0051,284,3.0744,6806,3.063,6797,3.1135,6713,4,aug_000102_train_qcgen01,class0_ok,aug_000102,train,False
2,0 1 2 3,1.0051,286,3.0744,6862,3.063,6816,3.1135,6826,4,aug_000102_train_qcgen02,class0_ok,aug_000102,train,False
3,0 1 2 3,1.0051,295,3.0744,6786,3.063,6785,3.1135,6728,4,aug_000102_train_qcgen03,class0_ok,aug_000102,train,False
0,0 1 2 3,1.0,341,3.1016,8600,3.116,8741,3.1391,8528,4,aug_000098_train_qcgen00,class0_ok,aug_000098,train,False
1,0 1 2 3,1.0,355,3.1016,8538,3.116,8702,3.1391,8502,4,aug_000098_train_qcgen01,class0_ok,aug_000098,train,False
2,0 1 2 3,1.0,359,3.1016,8589,3.116,8650,3.1391,8482,4,aug_000098_train_qcgen02,class0_ok,aug_000098,train,False
3,0 1 2 3,1.0,360,3.1016,8573,3.116,8739,3.1391,8486,4,aug_000098_train_qcgen03,class0_ok,aug_000098,train,False
0,0 1 2 3,1.649,356,3.0664,5293,3.0929,5237,3.0188,5444,4,aug_000013_train_qcgen00,class0_ok,aug_000013,train,False
1,0 1 2 3,1.649,358,3.0664,5307,3.0929,5256,3.0188,5407,4,aug_000013_train_qcgen01,class0_ok,aug_000013,train,False
2,0 1 2 3,1.649,353,3.0664,5200,3.0929,5226,3.0188,5468,4,aug_000013_train_qcgen02,class0_ok,aug_000013,train,False
3,0 1 2 3,1.649,363,3.0664,5300,3.0929,5267,3.0188,5404,4,aug_000013_train_qcgen03,class0_ok,aug_000013,train,False
0,0 1 2 3,1.6209,353,3.0977,5654,3.071,5618,3.0794,5676,4,aug_000103_train_qcgen00,class0_ok,aug_000103,train,False
1,0 1 2 3,1.6209,353,3.0977,5583,3.071,5640,3.0794,5627,4,aug_000103_train_qcgen01,class0_ok,aug_000103,train,False
2,0 1 2 3,1.6209,382,3.0977,5619,3.071,5628,3.0794,5657,4,aug_000103_train_qcgen02,class0_ok,aug_000103,train,False
3,0 1 2 3,1.6209,375,3.0977,5606,3.071,5621,3.0794,5660,4,aug_000103_train_qcgen03,class0_ok,aug_000103,train,False
0,0 1 2 3,1.0163,366,3.1044,8922,3.107,8871,3.152,8765,4,aug_000022_train_qcgen00,class0_ok,aug_000022,train,False
1,0 1 2 3,1.0163,363,3.1044,8917,3.107,8882,3.152,8822,4,aug_000022_train_qcgen01,class0_ok,aug_000022,train,False
2,0 1 2 3,1.0163,364,3.1044,8905,3.107,8864,3.152,8866,4,aug_000022_train_qcgen02,class0_ok,aug_000022,train,False
3,0 1 2 3,1.0163,372,3.1044,8966,3.107,8898,3.152,8733,4,aug_000022_train_qcgen03,class0_ok,aug_000022,train,False
0,0 1 2 3,1.0,265,3.0909,6262,1.5176,6147,3.118,6207,4,aug_000146_train_qcgen00,class0_ok,aug_000146,train,False
1,0 1 2 3,1.0,264,3.0909,6241,1.5176,6143,3.118,6145,4,aug_000146_train_qcgen01,class0_ok,aug_000146,train,False
2,0 1 2 3,1.0,264,3.0909,6270,1.5176,6041,3.118,6120,4,aug_000146_train_qcgen02,class0_ok,aug_000146,train,False
3,0 1 2 3,1.0,255,3.0909,6223,1.5176,6152,3.118,6115,4,aug_000146_train_qcgen03,class0_ok,aug_000146,train,False
0,0 1 2 3,1.0,367,3.1003,8559,3.0985,8704,3.1229,8465,4,aug_000112_train_qcgen00,class0_ok,aug_000112,train,False
1,0 1 2 3,1.0,349,3.1003,8520,3.0985,8634,3.1229,8471,4,aug_000112_train_qcgen01,class0_ok,aug_000112,train,False
2,0 1 2 3,1.0,350,3.1003,8533,3.0985,8608,3.1229,8469,4,aug_000112_train_qcgen02,class0_ok,aug_000112,train,False
3,0 1 2 3,1.0,354,3.1003,8521,3.0985,8631,3.1229,8474,4,aug_000112_train_qcgen03,class0_ok,aug_000112,train,False
0,0 1 2 3,1.0,293,3.119,7301,3.0707,7413,3.1292,7248,4,aug_000089_train_qcgen00,class0_ok,aug_000089,train,False
1,0 1 2 3,1.0,303,3.119,7375,3.0707,7481,3.1292,7229,4,aug_000089_train_qcgen01,class0_ok,aug_000089,train,False
2,0 1 2 3,1.0,296,3.119,7358,3.0707,7377,3.1292,7260,4,aug_000089_train_qcgen02,class0_ok,aug_000089,train,False
3,0 1 2 3,1.0,292,3.119,7313,3.0707,7466,3.1292,7249,4,aug_000089_train_qcgen03,class0_ok,aug_000089,train,False
0,0 1 2 3,1.0,278,3.0715,7014,3.0649,7090,3.1356,6879,4,aug_000072_train_qcgen00,class0_ok,aug_000072,train,False
1,0 1 2 3,1.0,280,3.0715,7015,3.0649,7152,3.1356,6862,4,aug_000072_train_qcgen01,class0_ok,aug_000072,train,False
2,0 1 2 3,1.0,267,3.0715,7070,3.0649,7129,3.1356,6894,4,aug_000072_train_qcgen02,class0_ok,aug_000072,train,False
3,0 1 2 3,1.0,265,3.0715,6991,3.0649,7004,3.1356,6895,4,aug_000072_train_qcgen03,class0_ok,aug_000072,train,False
0,0 1 2 3,1.7143,377,3.0485,5323,3.0893,5272,3.0336,5434,4,aug_000113_train_qcgen00,class0_ok,aug_000113,train,False
1,0 1 2 3,1.7143,372,3.0485,5279,3.0893,5235,3.0336,5425,4,aug_000113_train_qcgen01,class0_ok,aug_000113,train,False
2,0 1 2 3,1.7143,384,3.0485,5258,3.0893,5247,3.0336,5407,4,aug_000113_train_qcgen02,class0_ok,aug_000113,train,False
3,0 1 2 3,1.7143,366,3.0485,5346,3.0893,5256,3.0336,5441,4,aug_000113_train_qcgen03,class0_ok,aug_000113,train,False
0,0 1 2 3,1.6367,354,3.0871,5317,3.0871,5298,3.0665,5472,4,aug_000118_train_qcgen00,class0_ok,aug_000118,train,False
1,0 1 2 3,1.6367,345,3.0871,5285,3.0871,5276,3.0665,5429,4,aug_000118_train_qcgen01,class0_ok,aug_000118,train,False
2,0 1 2 3,1.6367,353,3.0871,5269,3.0871,5350,3.0665,5482,4,aug_000118_train_qcgen02,class0_ok,aug_000118,train,False
3,0 1 2 3,1.6367,346,3.0871,5266,3.0871,5263,3.0665,5410,4,aug_000118_train_qcgen03,class0_ok,aug_000118,train,False
0,0 1 2 3,1.005,328,3.1024,7538,3.1197,7532,3.1292,7503,4,aug_000053_train_qcgen00,class0_ok,aug_000053,train,False
1,0 1 2 3,1.005,323,3.1024,7488,3.1197,7537,3.1292,7484,4,aug_000053_train_qcgen01,class0_ok,aug_000053,train,False
2,0 1 2 3,1.005,334,3.1024,7561,3.1197,7512,3.1292,7451,4,aug_000053_train_qcgen02,class0_ok,aug_000053,train,False
3,0 1 2 3,1.005,335,3.1024,7509,3.1197,7577,3.1292,7467,4,aug_000053_train_qcgen03,class0_ok,aug_000053,train,False
0,0 1 2 3,1.0025,249,3.0877,6339,3.0542,6495,3.1467,6303,4,aug_000117_train_qcgen00,class0_ok,aug_000117,train,False
1,0 1 2 3,1.0025,256,3.0877,6408,3.0542,6375,3.1467,6340,4,aug_000117_train_qcgen01,class0_ok,aug_000117,train,False
2,0 1 2 3,1.0025,267,3.0877,6385,3.0542,6472,3.1467,6264,4,aug_000117_train_qcgen02,class0_ok,aug_000117,train,False
3,0 1 2 3,1.0025,262,3.0877,6406,3.0542,6469,3.1467,6326,4,aug_000117_train_qcgen03,class0_ok,aug_000117,train,False
0,0 1 2 3,1.0,278,3.0867,6577,3.0867,6582,3.0712,6491,4,aug_000142_train_qcgen00,class0_ok,aug_000142,train,False
1,0 1 2 3,1.0,266,3.0867,6535,3.0867,6542,3.0712,6479,4,aug_000142_train_qcgen01,class0_ok,aug_000142,train,False
2,0 1 2 3,1.0,275,3.0867,6579,3.0867,6541,3.0712,6520,4,aug_000142_train_qcgen02,class0_ok,aug_000142,train,False
3,0 1 2 3,1.0,274,3.0867,6564,3.0867,6541,3.0712,6536,4,aug_000142_train_qcgen03,class0_ok,aug_000142,train,False
0,0 1 2 3,1.0,350,3.1198,8841,3.1239,8918,3.1264,8787,4,aug_000197_train_qcgen00,class0_ok,aug_000197,train,False
1,0 1 2 3,1.0,350,3.1198,8900,3.1239,8902,3.1264,8801,4,aug_000197_train_qcgen01,class0_ok,aug_000197,train,False
2,0 1 2 3,1.0,341,3.1198,8937,3.1239,8909,3.1264,8782,4,aug_000197_train_qcgen02,class0_ok,aug_000197,train,False
3,0 1 2 3,1.0,360,3.1198,8859,3.1239,8973,3.1264,8830,4,aug_000197_train_qcgen03,class0_ok,aug_000197,train,False
0,0 1 2 3,1.0037,375,3.1077,8581,3.1099,8662,3.178,8436,4,aug_000196_train_qcgen00,class0_ok,aug_000196,train,False
1,0 1 2 3,1.0037,367,3.1077,8581,3.1099,8726,3.178,8380,4,aug_000196_train_qcgen01,class0_ok,aug_000196,train,False
2,0 1 2 3,1.0037,364,3.1077,8619,3.1099,8712,3.178,8360,4,aug_000196_train_qcgen02,class0_ok,aug_000196,train,False
3,0 1 2 3,1.0037,357,3.1077,8607,3.1099,8750,3.178,8381,4,aug_000196_train_qcgen03,class0_ok,aug_000196,train,False
0,0 1 2 3,1.0026,322,3.0918,7846,3.1015,7872,3.1476,7786,4,aug_000033_train_qcgen00,class0_ok,aug_000033,train,False
1,0 1 2 3,1.0026,323,3.0918,7893,3.1015,7892,3.1476,7801,4,aug_000033_train_qcgen01,class0_ok,aug_000033,train,False
2,0 1 2 3,1.0026,330,3.0918,7815,3.1015,7809,3.1476,7793,4,aug_000033_train_qcgen02,class0_ok,aug_000033,train,False
3,0 1 2 3,1.0026,321,3.0918,7885,3.1015,7877,3.1476,7811,4,aug_000033_train_qcgen03,class0_ok,aug_000033,train,False
0,0 1 2 3,1.5936,351,3.0786,5655,3.0786,5623,3.0799,5690,4,aug_000087_train_qcgen00,class0_ok,aug_000087,train,False
1,0 1 2 3,1.5936,345,3.0786,5603,3.0786,5625,3.0799,5719,4,aug_000087_train_qcgen01,class0_ok,aug_000087,train,False
2,0 1 2 3,1.5936,365,3.0786,5627,3.0786,5648,3.0799,5757,4,aug_000087_train_qcgen02,class0_ok,aug_000087,train,False
3,0 1 2 3,1.5936,348,3.0786,5644,3.0786,5698,3.0799,5714,4,aug_000087_train_qcgen03,class0_ok,aug_000087,train,False
0,0 1 2 3,1.0134,380,3.1325,8977,3.1413,9001,3.1352,8922,4,aug_000182_train_qcgen00,class0_ok,aug_000182,train,False
1,0 1 2 3,1.0134,380,3.1325,8925,3.1413,8988,3.1352,8886,4,aug_000182_train_qcgen01,class0_ok,aug_000182,train,False
2,0 1 2 3,1.0134,388,3.1325,8998,3.1413,9007,3.1352,8932,4,aug_000182_train_qcgen02,class0_ok,aug_000182,train,False
3,0 1 2 3,1.0134,379,3.1325,8956,3.1413,9002,3.1352,8845,4,aug_000182_train_qcgen03,class0_ok,aug_000182,train,False
0,0 1 2 3,1.0172,314,3.1301,7741,3.0865,7853,3.1296,7767,4,aug_000095_train_qcgen00,class0_ok,aug_000095,train,False
1,0 1 2 3,1.0172,319,3.1301,7849,3.0865,7892,3.1296,7764,4,aug_000095_train_qcgen01,class0_ok,aug_000095,train,False
2,0 1 2 3,1.0172,306,3.1301,7734,3.0865,7836,3.1296,7711,4,aug_000095_train_qcgen02,class0_ok,aug_000095,train,False
3,0 1 2 3,1.0172,319,3.1301,7807,3.0865,7843,3.1296,7735,4,aug_000095_train_qcgen03,class0_ok,aug_000095,train,False
0,0 1 2 3,1.0075,246,3.0435,5905,3.0957,5911,3.0731,5936,4,aug_000077_train_qcgen00,class0_ok,aug_000077,train,False
1,0 1 2 3,1.0075,244,3.0435,5915,3.0957,5931,3.0731,5906,4,aug_000077_train_qcgen01,class0_ok,aug_000077,train,False
2,0 1 2 3,1.0075,242,3.0435,5988,3.0957,5877,3.0731,5945,4,aug_000077_train_qcgen02,class0_ok,aug_000077,train,False
3,0 1 2 3,1.0075,231,3.0435,5911,3.0957,5901,3.0731,5922,4,aug_000077_train_qcgen03,class0_ok,aug_000077,train,False
0,0 1 2 3,1.018,241,3.0731,5710,3.0731,5701,3.0672,5696,4,aug_000190_train_qcgen00,class0_ok,aug_000190,train,False
1,0 1 2 3,1.018,244,3.0731,5745,3.0731,5758,3.0672,5756,4,aug_000190_train_qcgen01,class0_ok,aug_000190,train,False
2,0 1 2 3,1.018,222,3.0731,5717,3.0731,5683,3.0672,5752,4,aug_000190_train_qcgen02,class0_ok,aug_000190,train,False
3,0 1 2 3,1.018,245,3.0731,5721,3.0731,5702,3.0672,5756,4,aug_000190_train_qcgen03,class0_ok,aug_000190,train,False
0,0 1 2 3,1.6293,367,3.0725,5326,3.051,5429,3.0665,5441,4,aug_000021_train_qcgen00,class0_ok,aug_000021,train,False
1,0 1 2 3,1.6293,373,3.0725,5297,3.051,5439,3.0665,5415,4,aug_000021_train_qcgen01,class0_ok,aug_000021,train,False
2,0 1 2 3,1.6293,356,3.0725,5311,3.051,5397,3.0665,5447,4,aug_000021_train_qcgen02,class0_ok,aug_000021,train,False
3,0 1 2 3,1.6293,345,3.0725,5319,3.051,5429,3.0665,5459,4,aug_000021_train_qcgen03,class0_ok,aug_000021,train,False
0,0 1 2 3,1.003,325,3.0906,7699,3.1091,7650,3.1212,7497,4,aug_000066_train_qcgen00,class0_ok,aug_000066,train,False
1,0 1 2 3,1.003,331,3.0906,7658,3.1091,7604,3.1212,7514,4,aug_000066_train_qcgen01,class0_ok,aug_000066,train,False
2,0 1 2 3,1.003,319,3.0906,7676,3.1091,7651,3.1212,7541,4,aug_000066_train_qcgen02,class0_ok,aug_000066,train,False
3,0 1 2 3,1.003,337,3.0906,7654,3.1091,7669,3.1212,7564,4,aug_000066_train_qcgen03,class0_ok,aug_000066,train,False
0,0 1 2 3,1.0259,237,3.1023,5404,3.0738,5427,3.0688,5509,4,aug_000116_train_qcgen00,class0_ok,aug_000116,train,False
1,0 1 2 3,1.0259,221,3.1023,5400,3.0738,5429,3.0688,5503,4,aug_000116_train_qcgen01,class0_ok,aug_000116,train,False
2,0 1 2 3,1.0259,237,3.1023,5448,3.0738,5476,3.0688,5549,4,aug_000116_train_qcgen02,class0_ok,aug_000116,train,False
3,0 1 2 3,1.0259,225,3.1023,5471,3.0738,5469,3.0688,5564,4,aug_000116_train_qcgen03,class0_ok,aug_000116,train,False
0,0 1 2 3,1.6718,368,3.0871,5260,3.0723,5368,3.0685,5407,4,aug_000096_train_qcgen00,class0_ok,aug_000096,train,False
1,0 1 2 3,1.6718,353,3.0871,5313,3.0723,5317,3.0685,5399,4,aug_000096_train_qcgen01,class0_ok,aug_000096,train,False
2,0 1 2 3,1.6718,367,3.0871,5310,3.0723,5299,3.0685,5401,4,aug_000096_train_qcgen02,class0_ok,aug_000096,train,False
3,0 1 2 3,1.6718,383,3.0871,5326,3.0723,5362,3.0685,5417,4,aug_000096_train_qcgen03,class0_ok,aug_000096,train,False
0,0 1 2 3,1.0068,246,3.0786,5625,3.0786,5680,3.0532,5682,4,aug_000175_train_qcgen00,class0_ok,aug_000175,train,False
1,0 1 2 3,1.0068,250,3.0786,5622,3.0786,5645,3.0532,5678,4,aug_000175_train_qcgen01,class0_ok,aug_000175,train,False
2,0 1 2 3,1.0068,244,3.0786,5648,3.0786,5697,3.0532,5702,4,aug_000175_train_qcgen02,class0_ok,aug_000175,train,False
3,0 1 2 3,1.0068,242,3.0786,5613,3.0786,5671,3.0532,5656,4,aug_000175_train_qcgen03,class0_ok,aug_000175,train,False
0,0 1 2 3,1.6749,340,3.0802,5249,3.094,5286,3.0767,5329,4,aug_000027_train_qcgen00,class0_ok,aug_000027,train,False
1,0 1 2 3,1.6749,337,3.0802,5212,3.094,5260,3.0767,5405,4,aug_000027_train_qcgen01,class0_ok,aug_000027,train,False
2,0 1 2 3,1.6749,327,3.0802,5175,3.094,5312,3.0767,5361,4,aug_000027_train_qcgen02,class0_ok,aug_000027,train,False
3,0 1 2 3,1.6749,357,3.0802,5196,3.094,5312,3.0767,5287,4,aug_000027_train_qcgen03,class0_ok,aug_000027,train,False
0,0 1 2 3,1.0,247,3.0683,6091,1.4519,5944,3.0686,6025,4,aug_000120_train_qcgen00,class0_ok,aug_000120,train,False
1,0 1 2 3,1.0,248,3.0683,6085,1.4519,5943,3.0686,6082,4,aug_000120_train_qcgen01,class0_ok,aug_000120,train,False
2,0 1 2 3,1.0,256,3.0683,6114,1.4519,5977,3.0686,6125,4,aug_000120_train_qcgen02,class0_ok,aug_000120,train,False
3,0 1 2 3,1.0,269,3.0683,6054,1.4519,5966,3.0686,6043,4,aug_000120_train_qcgen03,class0_ok,aug_000120,train,False
0,0 1 2 3,1.6536,360,3.085,5155,3.085,5171,3.0216,5326,4,aug_000042_train_qcgen00,class0_ok,aug_000042,train,False
1,0 1 2 3,1.6536,338,3.085,5202,3.085,5167,3.0216,5368,4,aug_000042_train_qcgen01,class0_ok,aug_000042,train,False
2,0 1 2 3,1.6536,352,3.085,5184,3.085,5184,3.0216,5357,4,aug_000042_train_qcgen02,class0_ok,aug_000042,train,False
3,0 1 2 3,1.6536,337,3.085,5154,3.085,5211,3.0216,5380,4,aug_000042_train_qcgen03,class0_ok,aug_000042,train,False
0,0 1 2 3,1.6994,325,3.0767,5177,3.0967,5117,3.0672,5317,4,aug_000170_train_qcgen00,class0_ok,aug_000170,train,False
1,0 1 2 3,1.6994,338,3.0767,5159,3.0967,5178,3.0672,5298,4,aug_000170_train_qcgen01,class0_ok,aug_000170,train,False
2,0 1 2 3,1.6994,338,3.0767,5159,3.0967,5149,3.0672,5243,4,aug_000170_train_qcgen02,class0_ok,aug_000170,train,False
3,0 1 2 3,1.6994,353,3.0767,5152,3.0967,5167,3.0672,5294,4,aug_000170_train_qcgen03,class0_ok,aug_000170,train,False
0,0 1 2 3,1.0054,254,3.0726,6074,3.0485,6110,3.0683,6060,4,aug_000144_train_qcgen00,class0_ok,aug_000144,train,False
1,0 1 2 3,1.0054,252,3.0726,6038,3.0485,6142,3.0683,6108,4,aug_000144_train_qcgen01,class0_ok,aug_000144,train,False
2,0 1 2 3,1.0054,253,3.0726,6036,3.0485,6101,3.0683,6111,4,aug_000144_train_qcgen02,class0_ok,aug_000144,train,False
3,0 1 2 3,1.0054,261,3.0726,6033,3.0485,6123,3.0683,6088,4,aug_000144_train_qcgen03,class0_ok,aug_000144,train,False
0,0 1 2 3,1.0,247,3.0776,5864,3.095,5841,3.0649,5920,4,aug_000015_train_qcgen00,class0_ok,aug_000015,train,False
1,0 1 2 3,1.0,245,3.0776,5789,3.095,5855,3.0649,5887,4,aug_000015_train_qcgen01,class0_ok,aug_000015,train,False
2,0 1 2 3,1.0,248,3.0776,5888,3.095,5846,3.0649,5893,4,aug_000015_train_qcgen02,class0_ok,aug_000015,train,False
3,0 1 2 3,1.0,247,3.0776,5877,3.095,5918,3.0649,5919,4,aug_000015_train_qcgen03,class0_ok,aug_000015,train,False
0,0 1 2 3,1.0157,340,3.0839,8021,3.0839,8120,3.1518,7857,4,aug_000088_train_qcgen00,class0_ok,aug_000088,train,False
1,0 1 2 3,1.0157,323,3.0839,8076,3.0839,8098,3.1518,7913,4,aug_000088_train_qcgen01,class0_ok,aug_000088,train,False
2,0 1 2 3,1.0157,327,3.0839,8112,3.0839,8123,3.1518,7947,4,aug_000088_train_qcgen02,class0_ok,aug_000088,train,False
3,0 1 2 3,1.0157,327,3.0839,8103,3.0839,8172,3.1518,7931,4,aug_000088_train_qcgen03,class0_ok,aug_000088,train,False
0,0 1 2 3,1.7333,318,3.0847,5110,3.1287,5158,2.9859,5364,4,aug_000111_train_qcgen00,class0_ok,aug_000111,train,False
1,0 1 2 3,1.7333,312,3.0847,5089,3.1287,5106,2.9859,5394,4,aug_000111_train_qcgen01,class0_ok,aug_000111,train,False
2,0 1 2 3,1.7333,307,3.0847,5128,3.1287,5116,2.9859,5405,4,aug_000111_train_qcgen02,class0_ok,aug_000111,train,False
3,0 1 2 3,1.7333,308,3.0847,5147,3.1287,5103,2.9859,5399,4,aug_000111_train_qcgen03,class0_ok,aug_000111,train,False
0,0 1 2 3,1.0192,244,3.1275,5709,3.0609,5815,3.0519,5863,4,aug_000115_train_qcgen00,class0_ok,aug_000115,train,False
1,0 1 2 3,1.0192,242,3.1275,5710,3.0609,5816,3.0519,5867,4,aug_000115_train_qcgen01,class0_ok,aug_000115,train,False
2,0 1 2 3,1.0192,228,3.1275,5701,3.0609,5849,3.0519,5891,4,aug_000115_train_qcgen02,class0_ok,aug_000115,train,False
3,0 1 2 3,1.0192,239,3.1275,5735,3.0609,5821,3.0519,5868,4,aug_000115_train_qcgen03,class0_ok,aug_000115,train,False
0,0 1 2 3,1.6594,344,3.0804,5187,3.0823,5162,3.014,5354,4,aug_000032_train_qcgen00,class0_ok,aug_000032,train,False
1,0 1 2 3,1.6594,347,3.0804,5198,3.0823,5146,3.014,5331,4,aug_000032_train_qcgen01,class0_ok,aug_000032,train,False
2,0 1 2 3,1.6594,330,3.0804,5190,3.0823,5166,3.014,5345,4,aug_000032_train_qcgen02,class0_ok,aug_000032,train,False
3,0 1 2 3,1.6594,350,3.0804,5232,3.0823,5137,3.014,5304,4,aug_000032_train_qcgen03,class0_ok,aug_000032,train,False
0,0 1 2 3,1.0268,242,3.0573,6256,1.493,6089,3.0845,6185,4,aug_000121_train_qcgen00,class0_ok,aug_000121,train,False
1,0 1 2 3,1.0268,251,3.0573,6229,1.493,6057,3.0845,6216,4,aug_000121_train_qcgen01,class0_ok,aug_000121,train,False
2,0 1 2 3,1.0268,240,3.0573,6313,1.493,6058,3.0845,6270,4,aug_000121_train_qcgen02,class0_ok,aug_000121,train,False
3,0 1 2 3,1.0268,243,3.0573,6218,1.493,6135,3.0845,6193,4,aug_000121_train_qcgen03,class0_ok,aug_000121,train,False
0,0 1 2 3,1.6933,366,3.0942,5228,3.0942,5205,3.0697,5332,4,aug_000108_train_qcgen00,class0_ok,aug_000108,train,False
1,0 1 2 3,1.6933,344,3.0942,5204,3.0942,5201,3.0697,5365,4,aug_000108_train_qcgen01,class0_ok,aug_000108,train,False
2,0 1 2 3,1.6933,372,3.0942,5267,3.0942,5244,3.0697,5287,4,aug_000108_train_qcgen02,class0_ok,aug_000108,train,False
3,0 1 2 3,1.6933,361,3.0942,5273,3.0942,5166,3.0697,5313,4,aug_000108_train_qcgen03,class0_ok,aug_000108,train,False
0,0 1 2 3,1.0194,234,3.0962,5701,3.0865,5718,3.0856,5846,4,aug_000163_train_qcgen00,class0_ok,aug_000163,train,False
1,0 1 2 3,1.0194,232,3.0962,5712,3.0865,5745,3.0856,5795,4,aug_000163_train_qcgen01,class0_ok,aug_000163,train,False
2,0 1 2 3,1.0194,241,3.0962,5712,3.0865,5736,3.0856,5803,4,aug_000163_train_qcgen02,class0_ok,aug_000163,train,False
3,0 1 2 3,1.0194,227,3.0962,5670,3.0865,5761,3.0856,5805,4,aug_000163_train_qcgen03,class0_ok,aug_000163,train,False
0,0 1 2 3,1.6166,358,3.0748,5374,3.0574,5361,3.0782,5427,4,aug_000109_val_qcgen00,class0_ok,aug_000109,val,False
1,0 1 2 3,1.6166,367,3.0748,5369,3.0574,5369,3.0782,5459,4,aug_000109_val_qcgen01,class0_ok,aug_000109,val,False
2,0 1 2 3,1.6166,356,3.0748,5351,3.0574,5375,3.0782,5474,4,aug_000109_val_qcgen02,class0_ok,aug_000109,val,False
3,0 1 2 3,1.6166,353,3.0748,5423,3.0574,5352,3.0782,5450,4,aug_000109_val_qcgen03,class0_ok,aug_000109,val,False
0,0 1 2 3,1.7333,318,3.0962,5174,3.0492,5134,3.0676,5282,4,aug_000107_val_qcgen00,class0_ok,aug_000107,val,False
1,0 1 2 3,1.7333,304,3.0962,5185,3.0492,5207,3.0676,5238,4,aug_000107_val_qcgen01,class0_ok,aug_000107,val,False
2,0 1 2 3,1.7333,316,3.0962,5143,3.0492,5188,3.0676,5284,4,aug_000107_val_qcgen02,class0_ok,aug_000107,val,False
3,0 1 2 3,1.7333,306,3.0962,5202,3.0492,5187,3.0676,5257,4,aug_000107_val_qcgen03,class0_ok,aug_000107,val,False
0,0 1 2 3,1.609,379,3.0732,5499,3.048,5492,3.0735,5587,4,aug_000051_val_qcgen00,class0_ok,aug_000051,val,False
1,0 1 2 3,1.609,378,3.0732,5590,3.048,5514,3.0735,5607,4,aug_000051_val_qcgen01,class0_ok,aug_000051,val,False
2,0 1 2 3,1.609,378,3.0732,5515,3.048,5519,3.0735,5591,4,aug_000051_val_qcgen02,class0_ok,aug_000051,val,False
3,0 1 2 3,1.609,362,3.0732,5515,3.048,5529,3.0735,5520,4,aug_000051_val_qcgen03,class0_ok,aug_000051,val,False
0,0 1 2 3,1.0,251,3.0388,5920,3.0887,5852,3.0731,5933,4,aug_000035_val_qcgen00,class0_ok,aug_000035,val,False
1,0 1 2 3,1.0,249,3.0388,5903,3.0887,5847,3.0731,5973,4,aug_000035_val_qcgen01,class0_ok,aug_000035,val,False
2,0 1 2 3,1.0,245,3.0388,5940,3.0887,5806,3.0731,5944,4,aug_000035_val_qcgen02,class0_ok,aug_000035,val,False
3,0 1 2 3,1.0,242,3.0388,5854,3.0887,5842,3.0731,5941,4,aug_000035_val_qcgen03,class0_ok,aug_000035,val,False
0,0 1 2 3,1.0,271,3.1492,6659,3.0697,6763,3.0691,6680,4,aug_000110_val_qcgen00,class0_ok,aug_000110,val,False
1,0 1 2 3,1.0,272,3.1492,6619,3.0697,6719,3.0691,6665,4,aug_000110_val_qcgen01,class0_ok,aug_000110,val,False
2,0 1 2 3,1.0,277,3.1492,6576,3.0697,6749,3.0691,6702,4,aug_000110_val_qcgen02,class0_ok,aug_000110,val,False
3,0 1 2 3,1.0,271,3.1492,6575,3.0697,6821,3.0691,6652,4,aug_000110_val_qcgen03,class0_ok,aug_000110,val,False
0,0 1 2 3,1.0,280,3.0802,6911,3.0903,6892,3.1137,6805,4,aug_000139_val_qcgen00,class0_ok,aug_000139,val,False
1,0 1 2 3,1.0,289,3.0802,6879,3.0903,6842,3.1137,6825,4,aug_000139_val_qcgen01,class0_ok,aug_000139,val,False
2,0 1 2 3,1.0,284,3.0802,6898,3.0903,6866,3.1137,6822,4,aug_000139_val_qcgen02,class0_ok,aug_000139,val,False
3,0 1 2 3,1.0,280,3.0802,6875,3.0903,6903,3.1137,6840,4,aug_000139_val_qcgen03,class0_ok,aug_000139,val,False
0,0 1 2 3,1.0,264,3.0768,6839,3.0802,6934,3.0695,6874,4,aug_000052_val_qcgen00,class0_ok,aug_000052,val,False
1,0 1 2 3,1.0,277,3.0768,6921,3.0802,6936,3.0695,6882,4,aug_000052_val_qcgen01,class0_ok,aug_000052,val,False
2,0 1 2 3,1.0,285,3.0768,6902,3.0802,6945,3.0695,6860,4,aug_000052_val_qcgen02,class0_ok,aug_000052,val,False
3,0 1 2 3,1.0,277,3.0768,6898,3.0802,6953,3.0695,6817,4,aug_000052_val_qcgen03,class0_ok,aug_000052,val,False
0,0 1 2 3,1.0191,273,3.0863,6448,3.0863,6393,3.1193,6301,4,aug_000002_val_qcgen00,class0_ok,aug_000002,val,False
1,0 1 2 3,1.0191,265,3.0863,6402,3.0863,6417,3.1193,6318,4,aug_000002_val_qcgen01,class0_ok,aug_000002,val,False
2,0 1 2 3,1.0191,286,3.0863,6415,3.0863,6428,3.1193,6283,4,aug_000002_val_qcgen02,class0_ok,aug_000002,val,False
3,0 1 2 3,1.0191,272,3.0863,6435,3.0863,6446,3.1193,6314,4,aug_000002_val_qcgen03,class0_ok,aug_000002,val,False
0,0 1 2 3,1.0,298,3.1013,7087,3.0889,7064,3.1519,6972,4,aug_000092_val_qcgen00,class0_ok,aug_000092,val,False
1,0 1 2 3,1.0,319,3.1013,7028,3.0889,7032,3.1519,7000,4,aug_000092_val_qcgen01,class0_ok,aug_000092,val,False
2,0 1 2 3,1.0,303,3.1013,7009,3.0889,7040,3.1519,6901,4,aug_000092_val_qcgen02,class0_ok,aug_000092,val,False
3,0 1 2 3,1.0,293,3.1013,7040,3.0889,7081,3.1519,6924,4,aug_000092_val_qcgen03,class0_ok,aug_000092,val,False
0,0 1 2 3,1.6932,360,3.0898,5241,3.0877,5259,3.0679,5320,4,aug_000186_val_qcgen00,class0_ok,aug_000186,val,False
1,0 1 2 3,1.6932,350,3.0898,5200,3.0877,5239,3.0679,5295,4,aug_000186_val_qcgen01,class0_ok,aug_000186,val,False
2,0 1 2 3,1.6932,346,3.0898,5287,3.0877,5254,3.0679,5332,4,aug_000186_val_qcgen02,class0_ok,aug_000186,val,False
3,0 1 2 3,1.6932,343,3.0898,5200,3.0877,5265,3.0679,5335,4,aug_000186_val_qcgen03,class0_ok,aug_000186,val,False
0,0 1 2 3,1.6614,379,3.0877,5230,3.0354,5367,3.0683,5314,4,aug_000140_val_qcgen00,class0_ok,aug_000140,val,False
1,0 1 2 3,1.6614,382,3.0877,5262,3.0354,5324,3.0683,5334,4,aug_000140_val_qcgen01,class0_ok,aug_000140,val,False
2,0 1 2 3,1.6614,375,3.0877,5234,3.0354,5322,3.0683,5334,4,aug_000140_val_qcgen02,class0_ok,aug_000140,val,False
3,0 1 2 3,1.6614,368,3.0877,5244,3.0354,5256,3.0683,5285,4,aug_000140_val_qcgen03,class0_ok,aug_000140,val,False
0,0 1 2 3,1.7333,320,3.0588,5137,3.0635,5194,3.1136,5266,4,aug_000075_val_qcgen00,class0_ok,aug_000075,val,False
1,0 1 2 3,1.7333,315,3.0588,5138,3.0635,5205,3.1136,5261,4,aug_000075_val_qcgen01,class0_ok,aug_000075,val,False
2,0 1 2 3,1.7333,311,3.0588,5167,3.0635,5196,3.1136,5306,4,aug_000075_val_qcgen02,class0_ok,aug_000075,val,False
3,0 1 2 3,1.7333,317,3.0588,5110,3.0635,5221,3.1136,5226,4,aug_000075_val_qcgen03,class0_ok,aug_000075,val,False
0,0 1 2 3,1.0007,332,3.1403,7773,3.1403,7739,3.1407,7667,4,aug_000132_val_qcgen00,class0_ok,aug_000132,val,False
1,0 1 2 3,1.0007,341,3.1403,7713,3.1403,7759,3.1407,7744,4,aug_000132_val_qcgen01,class0_ok,aug_000132,val,False
2,0 1 2 3,1.0007,330,3.1403,7710,3.1403,7761,3.1407,7646,4,aug_000132_val_qcgen02,class0_ok,aug_000132,val,False
3,0 1 2 3,1.0007,334,3.1403,7761,3.1403,7733,3.1407,7689,4,aug_000132_val_qcgen03,class0_ok,aug_000132,val,False
0,0 1 2 3,1.7117,364,3.067,5103,3.0822,5228,3.0749,5247,4,aug_000166_val_qcgen00,class0_ok,aug_000166,val,False
1,0 1 2 3,1.7117,367,3.067,5086,3.0822,5202,3.0749,5301,4,aug_000166_val_qcgen01,class0_ok,aug_000166,val,False
2,0 1 2 3,1.7117,371,3.067,5107,3.0822,5225,3.0749,5251,4,aug_000166_val_qcgen02,class0_ok,aug_000166,val,False
3,0 1 2 3,1.7117,356,3.067,5072,3.0822,5178,3.0749,5279,4,aug_000166_val_qcgen03,class0_ok,aug_000166,val,False
0,0 1 2 3,1.015,334,3.1099,8030,3.0571,8146,3.1293,7934,4,aug_000026_val_qcgen00,class0_ok,aug_000026,val,False
1,0 1 2 3,1.015,337,3.1099,8023,3.0571,8068,3.1293,7911,4,aug_000026_val_qcgen01,class0_ok,aug_000026,val,False
2,0 1 2 3,1.015,343,3.1099,8006,3.0571,8145,3.1293,7927,4,aug_000026_val_qcgen02,class0_ok,aug_000026,val,False
3,0 1 2 3,1.015,330,3.1099,8046,3.0571,8194,3.1293,7931,4,aug_000026_val_qcgen03,class0_ok,aug_000026,val,False
0,0 1 2 3,1.0,253,3.1158,6397,3.1158,6344,3.0811,6451,4,aug_000067_val_qcgen00,class0_ok,aug_000067,val,False
1,0 1 2 3,1.0,237,3.1158,6414,3.1158,6423,3.0811,6427,4,aug_000067_val_qcgen01,class0_ok,aug_000067,val,False
2,0 1 2 3,1.0,263,3.1158,6442,3.1158,6399,3.0811,6408,4,aug_000067_val_qcgen02,class0_ok,aug_000067,val,False
3,0 1 2 3,1.0,252,3.1158,6409,3.1158,6389,3.0811,6488,4,aug_000067_val_qcgen03,class0_ok,aug_000067,val,False
0,0 1 2 3,1.7017,359,3.0827,5167,3.097,5198,3.0304,5372,4,aug_000177_val_qcgen00,class0_ok,aug_000177,val,False
1,0 1 2 3,1.7017,347,3.0827,5165,3.097,5241,3.0304,5290,4,aug_000177_val_qcgen01,class0_ok,aug_000177,val,False
2,0 1 2 3,1.7017,366,3.0827,5154,3.097,5233,3.0304,5434,4,aug_000177_val_qcgen02,class0_ok,aug_000177,val,False
3,0 1 2 3,1.7017,354,3.0827,5137,3.097,5185,3.0304,5358,4,aug_000177_val_qcgen03,class0_ok,aug_000177,val,False
0,0 1 2 3,1.0172,330,3.1301,7733,3.0865,7889,3.1296,7823,4,aug_000189_val_qcgen00,class0_ok,aug_000189,val,False
1,0 1 2 3,1.0172,324,3.1301,7859,3.0865,7898,3.1296,7819,4,aug_000189_val_qcgen01,class0_ok,aug_000189,val,False
2,0 1 2 3,1.0172,313,3.1301,7746,3.0865,7883,3.1296,7804,4,aug_000189_val_qcgen02,class0_ok,aug_000189,val,False
3,0 1 2 3,1.0172,319,3.1301,7790,3.0865,7885,3.1296,7822,4,aug_000189_val_qcgen03,class0_ok,aug_000189,val,False
0,0 1 2 3,1.0,271,3.0705,6579,3.0501,6543,3.0742,6480,4,aug_000193_val_qcgen00,class0_ok,aug_000193,val,False
1,0 1 2 3,1.0,295,3.0705,6511,3.0501,6603,3.0742,6425,4,aug_000193_val_qcgen01,class0_ok,aug_000193,val,False
2,0 1 2 3,1.0,284,3.0705,6519,3.0501,6585,3.0742,6387,4,aug_000193_val_qcgen02,class0_ok,aug_000193,val,False
3,0 1 2 3,1.0,275,3.0705,6536,3.0501,6553,3.0742,6459,4,aug_000193_val_qcgen03,class0_ok,aug_000193,val,False
0,0 1 2 3,1.0,354,3.1353,8651,3.126,8762,3.1511,8487,4,aug_000078_val_qcgen00,class0_ok,aug_000078,val,False
1,0 1 2 3,1.0,361,3.1353,8751,3.126,8811,3.1511,8526,4,aug_000078_val_qcgen01,class0_ok,aug_000078,val,False
2,0 1 2 3,1.0,348,3.1353,8690,3.126,8768,3.1511,8541,4,aug_000078_val_qcgen02,class0_ok,aug_000078,val,False
3,0 1 2 3,1.0,349,3.1353,8784,3.126,8745,3.1511,8450,4,aug_000078_val_qcgen03,class0_ok,aug_000078,val,False
0,0 1 2 3,1.6766,356,3.1165,5085,3.0827,5182,3.0079,5463,4,aug_000074_val_qcgen00,class0_ok,aug_000074,val,False
1,0 1 2 3,1.6766,350,3.1165,5115,3.0827,5119,3.0079,5416,4,aug_000074_val_qcgen01,class0_ok,aug_000074,val,False
2,0 1 2 3,1.6766,352,3.1165,5129,3.0827,5198,3.0079,5473,4,aug_000074_val_qcgen02,class0_ok,aug_000074,val,False
3,0 1 2 3,1.6766,373,3.1165,5105,3.0827,5201,3.0079,5342,4,aug_000074_val_qcgen03,class0_ok,aug_000074,val,False
0,0 1 2 3,1.0,298,3.0715,7012,3.0649,7105,3.1049,6916,4,aug_000031_val_qcgen00,class0_ok,aug_000031,val,False
1,0 1 2 3,1.0,306,3.0715,6989,3.0649,7090,3.1049,6967,4,aug_000031_val_qcgen01,class0_ok,aug_000031,val,False
2,0 1 2 3,1.0,306,3.0715,7025,3.0649,6995,3.1049,6961,4,aug_000031_val_qcgen02,class0_ok,aug_000031,val,False
3,0 1 2 3,1.0,290,3.0715,7025,3.0649,7082,3.1049,6905,4,aug_000031_val_qcgen03,class0_ok,aug_000031,val,False
0,0 1 2 3,1.0134,256,3.0865,6652,3.0642,6711,3.0661,6746,4,aug_000011_val_qcgen00,class0_ok,aug_000011,val,False
1,0 1 2 3,1.0134,257,3.0865,6695,3.0642,6728,3.0661,6707,4,aug_000011_val_qcgen01,class0_ok,aug_000011,val,False
2,0 1 2 3,1.0134,269,3.0865,6629,3.0642,6791,3.0661,6715,4,aug_000011_val_qcgen02,class0_ok,aug_000011,val,False
3,0 1 2 3,1.0134,275,3.0865,6702,3.0642,6688,3.0661,6671,4,aug_000011_val_qcgen03,class0_ok,aug_000011,val,False
0,0 1 2 3,1.6663,361,3.1305,5159,3.0885,5211,3.0059,5449,4,aug_000012_val_qcgen00,class0_ok,aug_000012,val,False
1,0 1 2 3,1.6663,355,3.1305,5199,3.0885,5162,3.0059,5320,4,aug_000012_val_qcgen01,class0_ok,aug_000012,val,False
2,0 1 2 3,1.6663,355,3.1305,5177,3.0885,5149,3.0059,5412,4,aug_000012_val_qcgen02,class0_ok,aug_000012,val,False
3,0 1 2 3,1.6663,374,3.1305,5137,3.0885,5205,3.0059,5375,4,aug_000012_val_qcgen03,class0_ok,aug_000012,val,False
0,0 1 2 3,1.0031,235,3.0715,6000,3.097,5971,3.0551,6049,4,aug_000133_val_qcgen00,class0_ok,aug_000133,val,False
1,0 1 2 3,1.0031,243,3.0715,5947,3.097,5922,3.0551,6015,4,aug_000133_val_qcgen01,class0_ok,aug_000133,val,False
2,0 1 2 3,1.0031,243,3.0715,5945,3.097,5922,3.0551,6000,4,aug_000133_val_qcgen02,class0_ok,aug_000133,val,False
3,0 1 2 3,1.0031,238,3.0715,6014,3.097,5925,3.0551,6016,4,aug_000133_val_qcgen03,class0_ok,aug_000133,val,False
0,0 1 2 3,1.0155,352,3.0925,8157,3.0989,8102,3.1302,7967,4,aug_000187_val_qcgen00,class0_ok,aug_000187,val,False
1,0 1 2 3,1.0155,358,3.0925,8182,3.0989,8128,3.1302,7955,4,aug_000187_val_qcgen01,class0_ok,aug_000187,val,False
2,0 1 2 3,1.0155,348,3.0925,8128,3.0989,8096,3.1302,8039,4,aug_000187_val_qcgen02,class0_ok,aug_000187,val,False
3,0 1 2 3,1.0155,350,3.0925,8127,3.0989,8128,3.1302,8004,4,aug_000187_val_qcgen03,class0_ok,aug_000187,val,False
0,0 1 2 3,1.0,248,3.0776,5821,3.0338,5865,3.0649,5849,4,aug_000030_val_qcgen00,class0_ok,aug_000030,val,False
1,0 1 2 3,1.0,236,3.0776,5926,3.0338,5908,3.0649,5894,4,aug_000030_val_qcgen01,class0_ok,aug_000030,val,False
2,0 1 2 3,1.0,243,3.0776,5857,3.0338,5923,3.0649,5892,4,aug_000030_val_qcgen02,class0_ok,aug_000030,val,False
3,0 1 2 3,1.0,236,3.0776,5871,3.0338,5969,3.0649,5915,4,aug_000030_val_qcgen03,class0_ok,aug_000030,val,False
0,0 1 2 3,1.0147,354,3.1447,8749,3.0868,8840,3.1301,8562,4,aug_000172_val_qcgen00,class0_ok,aug_000172,val,False
1,0 1 2 3,1.0147,367,3.1447,8731,3.0868,8789,3.1301,8678,4,aug_000172_val_qcgen01,class0_ok,aug_000172,val,False
2,0 1 2 3,1.0147,357,3.1447,8741,3.0868,8732,3.1301,8604,4,aug_000172_val_qcgen02,class0_ok,aug_000172,val,False
3,0 1 2 3,1.0147,366,3.1447,8758,3.0868,8873,3.1301,8641,4,aug_000172_val_qcgen03,class0_ok,aug_000172,val,False
0,0 1 2 3,1.6109,370,3.0812,5442,3.0812,5481,3.0688,5473,4,aug_000056_val_qcgen00,class0_ok,aug_000056,val,False
1,0 1 2 3,1.6109,370,3.0812,5468,3.0812,5508,3.0688,5513,4,aug_000056_val_qcgen01,class0_ok,aug_000056,val,False
2,0 1 2 3,1.6109,380,3.0812,5432,3.0812,5483,3.0688,5547,4,aug_000056_val_qcgen02,class0_ok,aug_000056,val,False
3,0 1 2 3,1.6109,357,3.0812,5521,3.0812,5496,3.0688,5580,4,aug_000056_val_qcgen03,class0_ok,aug_000056,val,False
0,0 1 2 3,1.6185,356,3.0908,5473,3.0738,5463,3.0688,5577,4,aug_000034_val_qcgen00,class0_ok,aug_000034,val,False
1,0 1 2 3,1.6185,349,3.0908,5497,3.0738,5472,3.0688,5580,4,aug_000034_val_qcgen01,class0_ok,aug_000034,val,False
2,0 1 2 3,1.6185,343,3.0908,5454,3.0738,5501,3.0688,5529,4,aug_000034_val_qcgen02,class0_ok,aug_000034,val,False
3,0 1 2 3,1.6185,349,3.0908,5514,3.0738,5489,3.0688,5561,4,aug_000034_val_qcgen03,class0_ok,aug_000034,val,False
0,0 1 2 3,1.6218,342,3.0884,5423,3.0812,5498,3.0768,5543,4,aug_000151_val_qcgen00,class0_ok,aug_000151,val,False
1,0 1 2 3,1.6218,357,3.0884,5412,3.0812,5452,3.0768,5485,4,aug_000151_val_qcgen01,class0_ok,aug_000151,val,False
2,0 1 2 3,1.6218,351,3.0884,5412,3.0812,5490,3.0768,5460,4,aug_000151_val_qcgen02,class0_ok,aug_000151,val,False
3,0 1 2 3,1.6218,348,3.0884,5393,3.0812,5499,3.0768,5488,4,aug_000151_val_qcgen03,class0_ok,aug_000151,val,False
0,0 1 2 3,1.0191,277,3.1108,6833,3.1246,6729,3.0767,6795,4,aug_000046_val_qcgen00,class0_ok,aug_000046,val,False
1,0 1 2 3,1.0191,277,3.1108,6809,3.1246,6810,3.0767,6777,4,aug_000046_val_qcgen01,class0_ok,aug_000046,val,False
2,0 1 2 3,1.0191,279,3.1108,6761,3.1246,6783,3.0767,6835,4,aug_000046_val_qcgen02,class0_ok,aug_000046,val,False
3,0 1 2 3,1.0191,292,3.1108,6819,3.1246,6761,3.0767,6763,4,aug_000046_val_qcgen03,class0_ok,aug_000046,val,False
0,0 1 2 3,1.0,301,3.0656,7646,3.1322,7529,3.1101,7529,4,aug_000081_val_qcgen00,class0_ok,aug_000081,val,False
1,0 1 2 3,1.0,289,3.0656,7645,3.1322,7617,3.1101,7493,4,aug_000081_val_qcgen01,class0_ok,aug_000081,val,False
2,0 1 2 3,1.0,294,3.0656,7606,3.1322,7610,3.1101,7516,4,aug_000081_val_qcgen02,class0_ok,aug_000081,val,False
3,0 1 2 3,1.0,299,3.0656,7640,3.1322,7595,3.1101,7494,4,aug_000081_val_qcgen03,class0_ok,aug_000081,val,False
0,0 1 2 3,1.0,298,3.1197,7517,3.116,7626,3.1292,7418,4,aug_000091_val_qcgen00,class0_ok,aug_000091,val,False
1,0 1 2 3,1.0,290,3.1197,7578,3.116,7563,3.1292,7369,4,aug_000091_val_qcgen01,class0_ok,aug_000091,val,False
2,0 1 2 3,1.0,294,3.1197,7571,3.116,7542,3.1292,7419,4,aug_000091_val_qcgen02,class0_ok,aug_000091,val,False
3,0 1 2 3,1.0,291,3.1197,7554,3.116,7595,3.1292,7393,4,aug_000091_val_qcgen03,class0_ok,aug_000091,val,False
0,0 1 2 3,1.0,304,3.0589,7619,3.1322,7589,3.1454,7451,4,aug_000154_val_qcgen00,class0_ok,aug_000154,val,False
1,0 1 2 3,1.0,302,3.0589,7643,3.1322,7546,3.1454,7502,4,aug_000154_val_qcgen01,class0_ok,aug_000154,val,False
2,0 1 2 3,1.0,288,3.0589,7616,3.1322,7562,3.1454,7456,4,aug_000154_val_qcgen02,class0_ok,aug_000154,val,False
3,0 1 2 3,1.0,297,3.0589,7631,3.1322,7596,3.1454,7438,4,aug_000154_val_qcgen03,class0_ok,aug_000154,val,False
0,0 1 2 3,1.0138,363,3.1246,8492,3.1246,8499,3.15,8364,4,aug_000010_val_qcgen00,class0_ok,aug_000010,val,False
1,0 1 2 3,1.0138,353,3.1246,8499,3.1246,8527,3.15,8392,4,aug_000010_val_qcgen01,class0_ok,aug_000010,val,False
2,0 1 2 3,1.0138,342,3.1246,8520,3.1246,8440,3.15,8395,4,aug_000010_val_qcgen02,class0_ok,aug_000010,val,False
3,0 1 2 3,1.0138,358,3.1246,8529,3.1246,8406,3.15,8419,4,aug_000010_val_qcgen03,class0_ok,aug_000010,val,False
0,0 1 2 3,1.6257,389,3.0986,5522,3.0952,5540,3.0577,5529,4,aug_000037_val_qcgen00,class0_ok,aug_000037,val,False
1,0 1 2 3,1.6257,362,3.0986,5445,3.0952,5510,3.0577,5584,4,aug_000037_val_qcgen01,class0_ok,aug_000037,val,False
2,0 1 2 3,1.6257,380,3.0986,5566,3.0952,5560,3.0577,5579,4,aug_000037_val_qcgen02,class0_ok,aug_000037,val,False
3,0 1 2 3,1.6257,379,3.0986,5498,3.0952,5499,3.0577,5646,4,aug_000037_val_qcgen03,class0_ok,aug_000037,val,False
0,0 1 2 3,1.0014,357,3.0787,8557,3.0946,8601,3.1377,8303,4,aug_000008_val_qcgen00,class0_ok,aug_000008,val,False
1,0 1 2 3,1.0014,348,3.0787,8535,3.0946,8539,3.1377,8395,4,aug_000008_val_qcgen01,class0_ok,aug_000008,val,False
2,0 1 2 3,1.0014,351,3.0787,8552,3.0946,8616,3.1377,8386,4,aug_000008_val_qcgen02,class0_ok,aug_000008,val,False
3,0 1 2 3,1.0014,360,3.0787,8553,3.0946,8614,3.1377,8357,4,aug_000008_val_qcgen03,class0_ok,aug_000008,val,False
